INSERT INTO administrative.ba_unit_rel_type (code, display_value, description, status) 
VALUES ('priorTitle', 'Prior Title::::Предыдущая недвижимость::::سند الملكية السابق', 'Prior Title::::Предыдущая недвижимость::::...', 'c');

INSERT INTO administrative.ba_unit_rel_type (code, display_value, description, status) 
VALUES ('rootTitle', 'Root of Title::::Корневая недвижимость::::أصل  سند الملكية', 'Root of Title::::Корневая недвижимость::::...', 'c');

----------------------------------------------------------------------------------------------------

INSERT INTO administrative.ba_unit_type (code, display_value, description, status) 
VALUES ('administrativeUnit', 'Administrative Unit::::Административная единица::::وحدة ادارية', '...::::::::...', 'x');

INSERT INTO administrative.ba_unit_type (code, display_value, description, status) 
VALUES ('leasedUnit', 'Leased Unit::::Единица для Аренды::::وحدة  مؤجرة', '...::::::::...', 'x');

INSERT INTO administrative.ba_unit_type (code, display_value, description, status) 
VALUES ('propertyRightUnit', 'Property Right Unit::::Единица права недвижимости::::وحدة حقوق الملكية', '...::::::::...', 'x');

INSERT INTO administrative.ba_unit_type (code, display_value, description, status) 
VALUES ('basicPropertyUnit', 'Basic Property Unit::::Базовая единица недвижимости::::وحدة ملكية اساسة', 'This is the basic property unit that is used by default::::Это базовая единица недвижимости используемая по умолчанию::::...', 'c');

----------------------------------------------------------------------------------------------------

INSERT INTO administrative.condition_type (code, display_value, description, status) 
VALUES ('c1', 'Condition 1::::Условие 1::::الشرط الاول', 'Unless the Minister directs otherwise the Lessee shall fence the boundaries of the land within 6 (six) months of the date of the grant and the Lessee shall maintain the fence to the satisfaction of the Commissioner.::::Unless the Minister directs otherwise the Lessee shall fence the boundaries of the land within 6 (six) months of the date of the grant and the Lessee shall maintain the fence to the satisfaction of the Commissioner.::::ما لم يقرر الوزير غير ذلك  على المستأجر تسسيج حدود الارض بمدة لا تزيد عن 6 شهورمن تاريخ السماح ويجب على المستاجر المحافظة على سلامة السياج لصالح المفوض', 'c');

INSERT INTO administrative.condition_type (code, display_value, description, status) 
VALUES ('c4', 'Condtion 4::::Условие 4::::الشرط الرابع', 'The Lessee shall use the land comprised in the lease only for the purpose specified in the lease or in any variation made to the original lease.::::The Lessee shall use the land comprised in the lease only for the purpose specified in the lease or in any variation made to the original lease.::::على المستاجر استخدام الارض فقط للاغراض المنصوص عليها في عقد الايجار او أي تغييرات مرفقة مع عقد الايجار', 'c');

INSERT INTO administrative.condition_type (code, display_value, description, status) 
VALUES ('c6', 'Condition 6::::Условие 6::::الشرط السادس', 'The interior and exterior of any building erected on the land and all building additions thereto and all other buildings at any time erected or standing on the land and walls, drains and other appurtenances, shall be kept by the Lessee in good repair and tenantable condition to the satisfaction of the planning authority.::::The interior and exterior of any building erected on the land and all building additions thereto and all other buildings at any time erected or standing on the land and walls, drains and other appurtenances, shall be kept by the Lessee in good repair and tenantable condition to the satisfaction of the planning authority.::::جميع مداخل ومخارج البنايات المرفوعة على الارض وجميع البنايات المرفوعة على الارض في أي وقت والجدران والمصارف والتوابع , يجب الحفاظ عليها بصورة جيدة وتصليحها بما يحقق متطلبات سلطة التخطيط', 'c');

INSERT INTO administrative.condition_type (code, display_value, description, status) 
VALUES ('c5', 'Condition 5::::Условие 5::::الشرط الخامس', 'Save with the written authority of the planning authority, no electrical power or telephone pole or line or water, drainage or sewer pipe being upon or passing through, over or under the land and no replacement thereof, shall be moved or in any way be interfered with and reasonable access thereto shall be preserved to allow for inspection, maintenance, repair, renewal and replacement.::::Save with the written authority of the planning authority, no electrical power or telephone pole or line or water, drainage or sewer pipe being upon or passing through, over or under the land and no replacement thereof, shall be moved or in any way be interfered with and reasonable access thereto shall be preserved to allow for inspection, maintenance, repair, renewal and replacement.::::محفوظة بشكل خطي عند سلطة التخطيط , جميع خطوط الطاقة الكهربائية أو قطب الهاتف أو خط المياه والصرف الصحي أو أنابيب المجاري التي تجري على الارض او و تمر، فوق أو تحت الأرض لا يجب استبدال أي منها، او نقلها في أي حال من الأحوال ويجب الحفاظ عليها وضمان صول معقول للسماح للتفتيش والصيانة والإصلاح والتجديد والاستبدال', 'c');

INSERT INTO administrative.condition_type (code, display_value, description, status) 
VALUES ('c3', 'Condition 3::::Условие 3::::الشرط الثالث', 'Within a period of the time to be fixed by the planning authority, the Lessee shall provide at his own expense main drainage or main sewerage connections from the building erected on the land as the planning authority may require.::::Within a period of the time to be fixed by the planning authority, the Lessee shall provide at his own expense main drainage or main sewerage connections from the building erected on the land as the planning authority may require.::::ضمن المدة المحددة من سلطة التخطيط, على المستأجر التمديد على حسابه وصلات الصرف الصحي وصرف المياه من البناية المرفوعة على الارض بما يتوافق مع متطلبات سلطة التخطيط', 'c');

INSERT INTO administrative.condition_type (code, display_value, description, status) 
VALUES ('c2', 'Condition 2::::Условие 2::::الشرط الثاني', 'Unless special written authority is given by the Commissioner, the Lessee shall commence development of the land within 5 years of the date of the granting of a lease. This shall also apply to further development of the land held under a lease during the term of the lease.::::Unless special written authority is given by the Commissioner, the Lessee shall commence development of the land within 5 years of the date of the granting of a lease. This shall also apply to further development of the land held under a lease during the term of the lease.::::ما لم يصدر مرسوم رسمي عن المفوض , على المستأجر البدء يتطوير الارض خلال 5 سنوات من تاريخ  الاستئجار. كما ينطبق ذلك على التطوير الاضافي للارض الواقعى ضمن بنود الاستئجار', 'c');

----------------------------------------------------------------------------------------------------

INSERT INTO administrative.mortgage_type (code, display_value, description, status) 
VALUES ('levelPayment', 'Level Payment::::Многоуровневый платеж::::دفعات متدرجة', '...::::::::...', 'c');

INSERT INTO administrative.mortgage_type (code, display_value, description, status) 
VALUES ('linear', 'Linear::::Линейный::::خطي', '...::::::::...', 'c');

INSERT INTO administrative.mortgage_type (code, display_value, description, status) 
VALUES ('microCredit', 'Micro Credit::::Микро кредит::::القروض الصغيرة', '...::::::::...', 'c');

----------------------------------------------------------------------------------------------------

INSERT INTO administrative.rrr_group_type (code, display_value, description, status) 
VALUES ('responsibilities', 'Responsibilities::::Ответственность::::المسؤوليات', '...::::::::...', 'x');

INSERT INTO administrative.rrr_group_type (code, display_value, description, status) 
VALUES ('restrictions', 'Restrictions::::Ограничения::::القيود', '...::::::::...', 'c');

INSERT INTO administrative.rrr_group_type (code, display_value, description, status) 
VALUES ('rights', 'Rights::::Права::::الحقوق', '...::::::::...', 'c');

----------------------------------------------------------------------------------------------------

INSERT INTO administrative.rrr_type (code, rrr_group_type_code, display_value, is_primary, share_check, party_required, description, status) 
VALUES ('monument', 'restrictions', 'Monument::::Памятник::::النصب', 'f', 't', 't', '...::::::::...', 'x');

INSERT INTO administrative.rrr_type (code, rrr_group_type_code, display_value, is_primary, share_check, party_required, description, status) 
VALUES ('caveat', 'restrictions', 'Caveat::::Арест::::القيود', 'f', 't', 't', 'Extension to LADM::::Расширение LADM::::...', 'c');

INSERT INTO administrative.rrr_type (code, rrr_group_type_code, display_value, is_primary, share_check, party_required, description, status) 
VALUES ('commonOwnership', 'rights', 'Common Ownership::::Общая собственность::::الملكية العامة', 'f', 't', 't', '...::::::::...', 'x');

INSERT INTO administrative.rrr_type (code, rrr_group_type_code, display_value, is_primary, share_check, party_required, description, status) 
VALUES ('mortgage', 'restrictions', 'Mortgage::::Ипотека::::الرهن', 'f', 't', 't', '...::::::::...', 'c');

INSERT INTO administrative.rrr_type (code, rrr_group_type_code, display_value, is_primary, share_check, party_required, description, status) 
VALUES ('waterrights', 'rights', 'Water Right::::Право на водные ресурсы::::حق في المياه', 'f', 't', 't', '...::::::::...', 'c');

INSERT INTO administrative.rrr_type (code, rrr_group_type_code, display_value, is_primary, share_check, party_required, description, status) 
VALUES ('occupation', 'rights', 'Occupation::::Оккупация::::الاستعمال', 'f', 't', 't', '...::::::::...', 'c');

INSERT INTO administrative.rrr_type (code, rrr_group_type_code, display_value, is_primary, share_check, party_required, description, status) 
VALUES ('ownershipAssumed', 'rights', 'Ownership Assumed::::Принятое право собственности::::افتراض الملكية', 't', 't', 't', '...::::::::...', 'x');

INSERT INTO administrative.rrr_type (code, rrr_group_type_code, display_value, is_primary, share_check, party_required, description, status) 
VALUES ('waterwayMaintenance', 'responsibilities', 'Waterway Maintenance::::Обслуживания каналов ирригации::::صيانة الممر المائي', 'f', 'f', 'f', '...::::::::...', 'x');

INSERT INTO administrative.rrr_type (code, rrr_group_type_code, display_value, is_primary, share_check, party_required, description, status) 
VALUES ('ownership', 'rights', 'Ownership::::Право собственности::::الملكية', 't', 't', 't', '...::::::::...', 'c');

INSERT INTO administrative.rrr_type (code, rrr_group_type_code, display_value, is_primary, share_check, party_required, description, status) 
VALUES ('servitude', 'restrictions', 'Servitude::::Сервитут::::حق الاستعمال', 'f', 'f', 'f', '...::::::::...', 'c');

INSERT INTO administrative.rrr_type (code, rrr_group_type_code, display_value, is_primary, share_check, party_required, description, status) 
VALUES ('fishing', 'rights', 'Fishing Right::::Рыболовное право::::حق الصيد', 'f', 't', 't', '...::::::::...', 'x');

INSERT INTO administrative.rrr_type (code, rrr_group_type_code, display_value, is_primary, share_check, party_required, description, status) 
VALUES ('grazing', 'rights', 'Grazing Right::::Право выпаса::::حق الرعي', 'f', 't', 't', '...::::::::...', 'x');

INSERT INTO administrative.rrr_type (code, rrr_group_type_code, display_value, is_primary, share_check, party_required, description, status) 
VALUES ('historicPreservation', 'restrictions', 'Historic Preservation::::Историческая резервация::::الحفظ التاريخي', 'f', 'f', 'f', 'Extension to LADM::::Расширение LADM::::...', 'c');

INSERT INTO administrative.rrr_type (code, rrr_group_type_code, display_value, is_primary, share_check, party_required, description, status) 
VALUES ('monumentMaintenance', 'responsibilities', 'Monument Maintenance::::Обслуживание памятника::::صيانة النصب', 'f', 'f', 'f', '...::::::::...', 'x');

INSERT INTO administrative.rrr_type (code, rrr_group_type_code, display_value, is_primary, share_check, party_required, description, status) 
VALUES ('adminPublicServitude', 'restrictions', 'Administrative Public Servitude::::Административный публичный сервитут::::حق الاستخدام العام', 'f', 't', 't', '...::::::::...', 'x');

INSERT INTO administrative.rrr_type (code, rrr_group_type_code, display_value, is_primary, share_check, party_required, description, status) 
VALUES ('customaryType', 'rights', 'Customary Right::::Традиционное право::::الحق العرفي', 'f', 't', 't', '...::::::::...', 'x');

INSERT INTO administrative.rrr_type (code, rrr_group_type_code, display_value, is_primary, share_check, party_required, description, status) 
VALUES ('agriActivity', 'rights', 'Agriculture Activity::::Сельскохозяйственная деятельность::::نشاط زراعي', 'f', 't', 't', '...::::::::...', 'x');

INSERT INTO administrative.rrr_type (code, rrr_group_type_code, display_value, is_primary, share_check, party_required, description, status) 
VALUES ('stateOwnership', 'rights', 'State Ownership::::Государственное право собственности::::ملكية عقار.', 't', 'f', 'f', 'Extension to LADM::::Расширение LADM::::...', 'c');

INSERT INTO administrative.rrr_type (code, rrr_group_type_code, display_value, is_primary, share_check, party_required, description, status) 
VALUES ('apartment', 'rights', 'Apartment Ownership::::Право собственности на квартиру::::مالك الشقة', 't', 't', 't', 'Extension to LADM::::Расширение LADM::::...', 'c');

INSERT INTO administrative.rrr_type (code, rrr_group_type_code, display_value, is_primary, share_check, party_required, description, status) 
VALUES ('firewood', 'rights', 'Firewood Collection::::Сбор древисины::::...', 'f', 't', 't', '...::::::::...', 'x');

INSERT INTO administrative.rrr_type (code, rrr_group_type_code, display_value, is_primary, share_check, party_required, description, status) 
VALUES ('noBuilding', 'restrictions', 'Building Restriction::::Ограничение на здание::::قيود على بناية', 'f', 'f', 'f', '...::::::::...', 'c');

INSERT INTO administrative.rrr_type (code, rrr_group_type_code, display_value, is_primary, share_check, party_required, description, status) 
VALUES ('informalOccupation', 'rights', 'Informal Occupation::::Неформальная оккупация::::الاستعمال الغير رسمي', 'f', 'f', 'f', '...::::::::...', 'x');

INSERT INTO administrative.rrr_type (code, rrr_group_type_code, display_value, is_primary, share_check, party_required, description, status) 
VALUES ('superficies', 'rights', 'Superficies::::Superficies::::بناء متعدي', 'f', 't', 't', '...::::::::...', 'x');

INSERT INTO administrative.rrr_type (code, rrr_group_type_code, display_value, is_primary, share_check, party_required, description, status) 
VALUES ('lease', 'rights', 'Lease::::Аренда::::الايجار', 'f', 't', 't', '...::::::::...', 'c');

INSERT INTO administrative.rrr_type (code, rrr_group_type_code, display_value, is_primary, share_check, party_required, description, status) 
VALUES ('lifeEstate', 'rights', 'Life Estate::::Пожизненное право собственности::::عقار مدى الحياة', 't', 't', 't', 'Extension to LADM::::Расширение LADM::::...', 'x');

INSERT INTO administrative.rrr_type (code, rrr_group_type_code, display_value, is_primary, share_check, party_required, description, status) 
VALUES ('tenancy', 'rights', 'Tenancy::::Арендаторство::::استئجار عقار', 't', 't', 't', '...::::::::...', 'x');

INSERT INTO administrative.rrr_type (code, rrr_group_type_code, display_value, is_primary, share_check, party_required, description, status) 
VALUES ('limitedAccess', 'restrictions', 'Limited Access (to Road)::::Ограниченный доступ к дороге::::استعمال محدود للطريق', 'f', 'f', 'f', 'Extension to LADM::::Расширение LADM::::...', 'c');

INSERT INTO administrative.rrr_type (code, rrr_group_type_code, display_value, is_primary, share_check, party_required, description, status) 
VALUES ('usufruct', 'rights', 'Usufruct::::Право использования для сбора урожая::::حق الانتفاع', 'f', 't', 't', '...::::::::...', 'c');

----------------------------------------------------------------------------------------------------

INSERT INTO application.application_status_type (code, display_value, status, description) 
VALUES ('annulled', 'Annulled::::Аннулировано::::ملغى', 'c', '');

INSERT INTO application.application_status_type (code, display_value, status, description) 
VALUES ('completed', 'Completed::::Завершено::::مكتمل', 'c', '');

INSERT INTO application.application_status_type (code, display_value, status, description) 
VALUES ('lodged', 'Lodged::::Подано::::مودع', 'c', 'Application has been lodged and officially received by land office::::Заявление подано и официально принято регистрационным офисом::::Application has been lodged and officially received by land office');

INSERT INTO application.application_status_type (code, display_value, status, description) 
VALUES ('requisitioned', 'Requisitioned::::Запрошена доп. информация::::يحتاج بيانات', 'c', '');

INSERT INTO application.application_status_type (code, display_value, status, description) 
VALUES ('approved', 'Approved::::Одобрено::::موافق عليه', 'c', '');

----------------------------------------------------------------------------------------------------

INSERT INTO application.service_status_type (code, display_value, status, description) 
VALUES ('cancelled', 'Cancelled::::Отменен::::ملغاة', 'c', '...::::...::::...');

INSERT INTO application.service_status_type (code, display_value, status, description) 
VALUES ('completed', 'Completed::::Завершен::::مكتملة.', 'c', '...::::...::::...');

INSERT INTO application.service_status_type (code, display_value, status, description) 
VALUES ('lodged', 'Lodged::::Зарегистрирован::::مودعة', 'c', 'Application for a service has been lodged and officially received by land office::::Заявление было подано и зарегистрировано в регистрационном офисе::::...');

INSERT INTO application.service_status_type (code, display_value, status, description) 
VALUES ('pending', 'Pending::::На исполнении::::قيد الانتظار', 'c', '...::::...::::...');

----------------------------------------------------------------------------------------------------

INSERT INTO application.service_action_type (code, display_value, status_to_set, status, description) 
VALUES ('cancel', 'Cancel::::Отмена::::الغاء', 'cancelled', 'c', 'Service is cancelled by Land Office (action is automatically logged when a service is cancelled)::::Отмена услуги регистрационным офисом (отмена будет автоматически зафиксирована в журнале событий)::::تم الغاء الخدمة من قبل دائرة الاراضي . الخدمات الملغاة يتم تسجيلها تلقائيا من قبل النظام');

INSERT INTO application.service_action_type (code, display_value, status_to_set, status, description) 
VALUES ('complete', 'Complete::::Завершить::::انهاء', 'completed', 'c', 'Application is ready for approval (action is automatically logged when service is marked as complete::::Заявление готово к одобрению (событие будет автоматически записано в журнал событий)::::الطلب جاهز للموافقة عندما تتغير حالة الخدمة الى مكتملة');

INSERT INTO application.service_action_type (code, display_value, status_to_set, status, description) 
VALUES ('lodge', 'Lodge::::Подать заявление::::ايداع', 'lodged', 'c', 'Application for service(s) is officially received by land office (action is automatically logged when application is saved for the first time)::::Заявление принято официально регистрационным офисом (событие будет автоматически записано в журнал событий)::::.استلام الطلب رسميا من قبل دائرة الاراضي  حيث يتم حفظه بحالة مودع');

INSERT INTO application.service_action_type (code, display_value, status_to_set, status, description) 
VALUES ('revert', 'Revert::::Вернуть на доработку::::تراجع', 'pending', 'c', 'The status of the service has been reverted to pending from being completed (action is automatically logged when a service is reverted back for further work)::::Статус услуги изменен к "исполняется" (событие будет автоматически записано в журнал событий)::::يتم تغيير حالة الخدمة الى  قيد الانتظار عندما تحتاج الخدمة الى مزيد من المعلومات او العمل');

INSERT INTO application.service_action_type (code, display_value, status_to_set, status, description) 
VALUES ('start', 'Start::::Запустить::::ابدأ', 'pending', 'c', 'Provisional RRR Changes Made to Database as a result of application (action is automatically logged when a change is made to a rrr object)::::Определенные изменения должны быть сделаны, относящиеся к услуги (событие будет автоматически записано в журнал событий)::::يتم تسجيل الحالة عندما يحدث تغيير على الكائن');

----------------------------------------------------------------------------------------------------

INSERT INTO application.type_action (code, display_value, description, status) 
VALUES ('cancel', 'Cancel::::Отмена::::الغاء', '...::::...::::...', 'c');

INSERT INTO application.type_action (code, display_value, description, status) 
VALUES ('new', 'New::::Новый::::جديد', '...::::...::::...', 'c');

INSERT INTO application.type_action (code, display_value, description, status) 
VALUES ('vary', 'Vary::::Изменить::::تعديل', '...::::...::::...', 'c');

----------------------------------------------------------------------------------------------------

INSERT INTO application.application_action_type (code, display_value, status_to_set, status, description) 
VALUES ('archive', 'Archive::::Помещено в архив::::ارشفة', 'completed', 'c', 'Paper application records are archived (action is manually logged)::::Отправление в архив бумажной копии заявления::::Paper application records are archived (action is manually logged)');

INSERT INTO application.application_action_type (code, display_value, status_to_set, status, description) 
VALUES ('lapse', 'Lapse::::Помечено как устарешее::::مضى عليه زمن', 'annulled', 'c', '');

INSERT INTO application.application_action_type (code, display_value, status_to_set, status, description) 
VALUES ('resubmit', 'Resubmit::::Подано заново::::اعادة تقديم', 'lodged', 'c', '');

INSERT INTO application.application_action_type (code, display_value, status_to_set, status, description) 
VALUES ('lodge', 'Lodgement Notice Prepared::::Подготовлено уведомление об оплате::::تم تحضير ملاحظة الايداع', 'lodged', 'c', 'Lodgement notice is prepared (action is automatically logged when application details are saved for the first time::::Подготовлено уведомление об оплате::::Lodgement notice is prepared (action is automatically logged when application details are saved for the first time');

INSERT INTO application.application_action_type (code, display_value, status_to_set, status, description) 
VALUES ('requisition', 'Requisition:::Ulteriori Informazioni domandate dal richiedente::::Запрошена доп. информацию::::Requisition:::Ulteriori Informazioni domandate dal richiedente', 'requisitioned', 'c', 'Further information requested from applicant (action is manually logged)::::Дальнейшая информация запрошена у заявителя::::Further information requested from applicant (action is manually logged)');

INSERT INTO application.application_action_type (code, display_value, status_to_set, status, description) 
VALUES ('unAssign', 'Unassign::::Освобождено::::الغاء تعيين', null, 'c', '');

INSERT INTO application.application_action_type (code, display_value, status_to_set, status, description) 
VALUES ('withdraw', 'Withdraw application::::Забрано::::اسحب الطلب', 'annulled', 'c', 'Application withdrawn by Applicant (action is manually logged)::::Заявление было забрано заявителем::::Application withdrawn by Applicant (action is manually logged)');

INSERT INTO application.application_action_type (code, display_value, status_to_set, status, description) 
VALUES ('validate', 'Validate::::Проверено::::التحقق من صحة البيانات', null, 'c', 'The action validate does not leave a mark, because validateFailed and validateSucceded will be used instead when the validate is completed.::::The action validate does not leave a mark, because validateFailed and validateSucceded will be used instead when the validate is completed.::::The action validate does not leave a mark, because validateFailed and validateSucceded will be used instead when the validate is completed.');

INSERT INTO application.application_action_type (code, display_value, status_to_set, status, description) 
VALUES ('addDocument', 'Add document::::Добавлен документ::::اضافة وثيقة', null, 'c', 'Scanned Documents linked to Application (action is automatically logged when a new document is saved)::::Добавление документа к заявлению::::Scanned Documents linked to Application (action is automatically logged when a new document is saved)');

INSERT INTO application.application_action_type (code, display_value, status_to_set, status, description) 
VALUES ('assign', 'Assign::::Назначено::::تعيين', null, 'c', '');

INSERT INTO application.application_action_type (code, display_value, status_to_set, status, description) 
VALUES ('approve', 'Approve::::Одобрено::::الموافقة', 'approved', 'c', 'Application is approved (automatically logged when application is approved successively)::::Заявление одобрено::::Application is approved (automatically logged when application is approved successively)');

INSERT INTO application.application_action_type (code, display_value, status_to_set, status, description) 
VALUES ('validatePassed', 'Quality Check Passes::::Успешная проверка качества::::عملية التحقق تمت بنجاح', null, 'c', 'Quality check passes (automatically logged when business rules are run without any critical failures)::::Успешная проверка качества::::Quality check passes (automatically logged when business rules are run without any critical failures)');

INSERT INTO application.application_action_type (code, display_value, status_to_set, status, description) 
VALUES ('cancel', 'Cancel application::::Отменено::::الغاء طلب', 'annulled', 'c', 'Application cancelled by Land Office (action is automatically logged when application is cancelled)::::Отмена исполнения заявления::::Application cancelled by Land Office (action is automatically logged when application is cancelled)');

INSERT INTO application.application_action_type (code, display_value, status_to_set, status, description) 
VALUES ('validateFailed', 'Quality Check Fails::::Проверка качества вернула ошибки::::فشلت عملية التحقق', null, 'c', 'Quality check fails (automatically logged when a critical business rule failure occurs)::::Ошибки при проверки качества будут автоматически записаны в лог системы::::Quality check fails (automatically logged when a critical business rule failure occurs)');

INSERT INTO application.application_action_type (code, display_value, status_to_set, status, description) 
VALUES ('dispatch', 'Dispatch::::Отослано::::توزيع', null, 'c', 'Application documents and new land office products are sent or collected by applicant (action is manually logged)::::Документы заявления отсылаются заявителю или он забирает их сам::::Application documents and new land office products are sent or collected by applicant (action is manually logged)');

----------------------------------------------------------------------------------------------------

INSERT INTO application.request_category_type (code, display_value, description, status) 
VALUES ('informationServices', 'Information Services::::Информационные услуги::::خدمات معلوماتية', '...::::...::::خدمات معلوماتية', 'c');

INSERT INTO application.request_category_type (code, display_value, description, status) 
VALUES ('registrationServices', 'Registration Services::::Регистрационные услуги::::خدمات تسجيل', '...::::...::::خدمات تسجيل', 'c');

----------------------------------------------------------------------------------------------------

INSERT INTO application.request_type (code, request_category_code, display_value, description, status, nr_days_to_complete, base_fee, area_base_fee, value_base_fee, nr_properties_required, notation_template, rrr_type_code, type_action_code) 
VALUES ('cancelProperty', 'registrationServices', 'Cancel title::::Прекращение права собственности::::الغاء سند ملكية', '...::::...::::...', 'c', 5, 5.00, 0.00, 0.00, 1, '', null, 'cancel');

INSERT INTO application.request_type (code, request_category_code, display_value, description, status, nr_days_to_complete, base_fee, area_base_fee, value_base_fee, nr_properties_required, notation_template, rrr_type_code, type_action_code) 
VALUES ('cadastrePrint', 'informationServices', 'Cadastre Print::::Печать кадастровых данных::::اطبع المساحة', '...::::...::::...', 'c', 1, 0.50, 0.00, 0.00, 0, null, null, null);

INSERT INTO application.request_type (code, request_category_code, display_value, description, status, nr_days_to_complete, base_fee, area_base_fee, value_base_fee, nr_properties_required, notation_template, rrr_type_code, type_action_code) 
VALUES ('cnclPowerOfAttorney', 'registrationServices', 'Cancel Power of Attorney::::Нотариальная доверенность::::الغاء التوكيل', '...::::...::::...', 'c', 1, 5.00, 0.00, 0.00, 0, null, null, 'cancel');

INSERT INTO application.request_type (code, request_category_code, display_value, description, status, nr_days_to_complete, base_fee, area_base_fee, value_base_fee, nr_properties_required, notation_template, rrr_type_code, type_action_code) 
VALUES ('cadastreChange', 'registrationServices', 'Change to Cadastre::::Изменение кадастра::::تغيير المساحة', '...::::...::::...', 'c', 30, 25.00, 0.10, 0.00, 1, null, null, null);

INSERT INTO application.request_type (code, request_category_code, display_value, description, status, nr_days_to_complete, base_fee, area_base_fee, value_base_fee, nr_properties_required, notation_template, rrr_type_code, type_action_code) 
VALUES ('newDigitalTitle', 'registrationServices', 'Convert to Digital Title::::Новое право собственности (конвертация)::::تحويل الى سند ملكية الكتروني', '...::::...::::...', 'c', 5, 0.00, 0.00, 0.00, 1, 'Title converted to digital format', null, null);

INSERT INTO application.request_type (code, request_category_code, display_value, description, status, nr_days_to_complete, base_fee, area_base_fee, value_base_fee, nr_properties_required, notation_template, rrr_type_code, type_action_code) 
VALUES ('documentCopy', 'informationServices', 'Document Copy::::Копия документа::::نسخ وثيقة', '...::::...::::...', 'c', 1, 0.50, 0.00, 0.00, 0, null, null, null);

INSERT INTO application.request_type (code, request_category_code, display_value, description, status, nr_days_to_complete, base_fee, area_base_fee, value_base_fee, nr_properties_required, notation_template, rrr_type_code, type_action_code) 
VALUES ('lodgeObjection', 'registrationServices', 'Lodge Objection::::Заявление оспаривания права::::اعتراض', '...::::...::::...', 'c', 90, 5.00, 0.00, 0.00, 1, null, null, null);

INSERT INTO application.request_type (code, request_category_code, display_value, description, status, nr_days_to_complete, base_fee, area_base_fee, value_base_fee, nr_properties_required, notation_template, rrr_type_code, type_action_code) 
VALUES ('newFreehold', 'registrationServices', 'New Freehold Title::::Новое право собственности (свободное)::::سند ملكية جديد', '...::::...::::...', 'c', 5, 5.00, 0.00, 0.00, 1, 'Fee Simple Estate', null, null);

INSERT INTO application.request_type (code, request_category_code, display_value, description, status, nr_days_to_complete, base_fee, area_base_fee, value_base_fee, nr_properties_required, notation_template, rrr_type_code, type_action_code) 
VALUES ('newState', 'registrationServices', 'New State Title::::Новое право собственности (государственное)::::سند ملكية عقار جديد', '...::::...::::...', 'x', 5, 0.00, 0.00, 0.00, 1, 'State Estate', null, null);

INSERT INTO application.request_type (code, request_category_code, display_value, description, status, nr_days_to_complete, base_fee, area_base_fee, value_base_fee, nr_properties_required, notation_template, rrr_type_code, type_action_code) 
VALUES ('noteOccupation', 'registrationServices', 'Occupation Noted::::Уведомление о самозахвате::::ملاحظة استخدام', '...::::...::::...', 'x', 5, 5.00, 0.00, 0.01, 1, 'Occupation by <name> recorded', null, null);

INSERT INTO application.request_type (code, request_category_code, display_value, description, status, nr_days_to_complete, base_fee, area_base_fee, value_base_fee, nr_properties_required, notation_template, rrr_type_code, type_action_code) 
VALUES ('registerLease', 'registrationServices', 'Register Lease::::Регистрация права пользования::::تسجيل ايجار', '...::::...::::...', 'c', 5, 5.00, 0.00, 0.01, 1, 'Lease of nn years to <name>', 'lease', 'new');

INSERT INTO application.request_type (code, request_category_code, display_value, description, status, nr_days_to_complete, base_fee, area_base_fee, value_base_fee, nr_properties_required, notation_template, rrr_type_code, type_action_code) 
VALUES ('limitedRoadAccess', 'registrationServices', 'Register Limited Road Access::::Регистрация ограниченного доступа к дороги::::تسجيل  دخول طريق محدودة', '...::::...::::...', 'c', 5, 5.00, 0.00, 0.00, 1, 'Limited Road Access', 'limitedAccess', null);

INSERT INTO application.request_type (code, request_category_code, display_value, description, status, nr_days_to_complete, base_fee, area_base_fee, value_base_fee, nr_properties_required, notation_template, rrr_type_code, type_action_code) 
VALUES ('caveat', 'registrationServices', 'Register Caveat::::Регистрация ареста::::تسجيل  قيد', '...::::...::::...', 'c', 5, 50.00, 0.00, 0.00, 1, 'Caveat in the name of <name>', 'caveat', 'new');

INSERT INTO application.request_type (code, request_category_code, display_value, description, status, nr_days_to_complete, base_fee, area_base_fee, value_base_fee, nr_properties_required, notation_template, rrr_type_code, type_action_code) 
VALUES ('mortgage', 'registrationServices', 'Register Mortgage::::Регистрация ипотеки::::تسجيل رهن', '...::::...::::...', 'c', 5, 5.00, 0.00, 0.00, 1, 'Mortgage to <lender>', 'mortgage', 'new');

INSERT INTO application.request_type (code, request_category_code, display_value, description, status, nr_days_to_complete, base_fee, area_base_fee, value_base_fee, nr_properties_required, notation_template, rrr_type_code, type_action_code) 
VALUES ('servitude', 'registrationServices', 'Register Servitude::::Регистрация сервитута::::حق استخدام الطريق', '...::::...::::...', 'c', 5, 5.00, 0.00, 0.00, 1, 'Servitude over <parcel1> in favour of <parcel2>', 'servitude', 'new');

INSERT INTO application.request_type (code, request_category_code, display_value, description, status, nr_days_to_complete, base_fee, area_base_fee, value_base_fee, nr_properties_required, notation_template, rrr_type_code, type_action_code) 
VALUES ('regnPowerOfAttorney', 'registrationServices', 'Registration of Power of Attorney::::Регистрация доверенности::::تسجيل وكالة', '...::::...::::...', 'c', 3, 5.00, 0.00, 0.00, 0, null, null, null);

INSERT INTO application.request_type (code, request_category_code, display_value, description, status, nr_days_to_complete, base_fee, area_base_fee, value_base_fee, nr_properties_required, notation_template, rrr_type_code, type_action_code) 
VALUES ('regnDeeds', 'registrationServices', 'Deed Registration::::Регистрация сделки::::تسجيل حركة', '...::::...::::...', 'x', 3, 1.00, 0.00, 0.00, 0, null, null, null);

INSERT INTO application.request_type (code, request_category_code, display_value, description, status, nr_days_to_complete, base_fee, area_base_fee, value_base_fee, nr_properties_required, notation_template, rrr_type_code, type_action_code) 
VALUES ('regnStandardDocument', 'registrationServices', 'Registration of Standard Document::::Регистрация типового документа::::تسجيل وثيقة مرجعية', '...::::...::::...', 'c', 3, 5.00, 0.00, 0.00, 0, null, null, null);

INSERT INTO application.request_type (code, request_category_code, display_value, description, status, nr_days_to_complete, base_fee, area_base_fee, value_base_fee, nr_properties_required, notation_template, rrr_type_code, type_action_code) 
VALUES ('removeRestriction', 'registrationServices', 'Remove Restriction (General)::::Снять ограничение::::ازالة قيد', '...::::...::::...', 'c', 5, 5.00, 0.00, 0.00, 1, '<restriction> <reference> cancelled', null, 'cancel');

INSERT INTO application.request_type (code, request_category_code, display_value, description, status, nr_days_to_complete, base_fee, area_base_fee, value_base_fee, nr_properties_required, notation_template, rrr_type_code, type_action_code) 
VALUES ('serviceEnquiry', 'informationServices', 'Service Enquiry::::Запрос информации о заявлении::::طلب معلومات', '...::::...::::...', 'c', 1, 0.00, 0.00, 0.00, 0, null, null, null);

INSERT INTO application.request_type (code, request_category_code, display_value, description, status, nr_days_to_complete, base_fee, area_base_fee, value_base_fee, nr_properties_required, notation_template, rrr_type_code, type_action_code) 
VALUES ('surveyPlanCopy', 'informationServices', 'Survey Plan Copy::::Копия кадастрового плана::::نسخة خطة مساحة', '...::::...::::...', 'x', 1, 1.00, 0.00, 0.00, 0, null, null, null);

INSERT INTO application.request_type (code, request_category_code, display_value, description, status, nr_days_to_complete, base_fee, area_base_fee, value_base_fee, nr_properties_required, notation_template, rrr_type_code, type_action_code) 
VALUES ('varyMortgage', 'registrationServices', 'Vary Mortgage::::Изменить ипотеку::::تعديل الرهن.', '...::::...::::...', 'c', 1, 5.00, 0.00, 0.00, 1, 'Change on the mortgage', 'mortgage', 'vary');

INSERT INTO application.request_type (code, request_category_code, display_value, description, status, nr_days_to_complete, base_fee, area_base_fee, value_base_fee, nr_properties_required, notation_template, rrr_type_code, type_action_code) 
VALUES ('cadastreExport', 'informationServices', 'Cadastre Export::::Экспорт кадастра еще текст::::تصدير المساحة', '...::::::::...', 'x', 1, 0.00, 0.10, 0.00, 0, null, null, null);

INSERT INTO application.request_type (code, request_category_code, display_value, description, status, nr_days_to_complete, base_fee, area_base_fee, value_base_fee, nr_properties_required, notation_template, rrr_type_code, type_action_code) 
VALUES ('regnOnTitle', 'registrationServices', 'Registration on Title::::Регистрация права собственности::::...', '...::::...::::...', 'c', 5, 5.00, 0.00, 0.01, 1, null, null, null);

INSERT INTO application.request_type (code, request_category_code, display_value, description, status, nr_days_to_complete, base_fee, area_base_fee, value_base_fee, nr_properties_required, notation_template, rrr_type_code, type_action_code) 
VALUES ('removeCaveat', 'registrationServices', 'Remove Caveat::::Снять ограничение::::...', '...::::...::::...', 'c', 5, 5.00, 0.00, 0.00, 1, 'Caveat <reference> removed', 'caveat', 'cancel');

INSERT INTO application.request_type (code, request_category_code, display_value, description, status, nr_days_to_complete, base_fee, area_base_fee, value_base_fee, nr_properties_required, notation_template, rrr_type_code, type_action_code) 
VALUES ('varyRight', 'registrationServices', 'Vary Right (General)::::Изменить право (общее)::::تعديل حق (عام)', '...::::...::::...', 'c', 5, 5.00, 0.00, 0.00, 1, 'Variation of <right> <reference>', null, 'vary');

INSERT INTO application.request_type (code, request_category_code, display_value, description, status, nr_days_to_complete, base_fee, area_base_fee, value_base_fee, nr_properties_required, notation_template, rrr_type_code, type_action_code) 
VALUES ('redefineCadastre', 'registrationServices', 'Redefine Cadastre::::Изменение кадастрового объекта::::تعديل المساحة', '...::::...::::...', 'c', 30, 25.00, 0.10, 0.00, 1, null, null, null);

INSERT INTO application.request_type (code, request_category_code, display_value, description, status, nr_days_to_complete, base_fee, area_base_fee, value_base_fee, nr_properties_required, notation_template, rrr_type_code, type_action_code) 
VALUES ('waterRights', 'registrationServices', 'Register Water Rights::::Регистрация права пользования водными ресурсами::::تسجيل حق الانتفاع (مياه).', '...::::...::::...', 'x', 5, 5.00, 0.01, 0.00, 1, 'Water Rights granted to <name>', 'waterrights', 'new');

INSERT INTO application.request_type (code, request_category_code, display_value, description, status, nr_days_to_complete, base_fee, area_base_fee, value_base_fee, nr_properties_required, notation_template, rrr_type_code, type_action_code) 
VALUES ('newDigitalProperty', 'registrationServices', 'New Digital Property::::Регистрация существующего права собственности::::أنشاء سند الكتروني جديد', '...::::...::::...', 'x', 5, 0.00, 0.00, 0.00, 1, null, null, null);

INSERT INTO application.request_type (code, request_category_code, display_value, description, status, nr_days_to_complete, base_fee, area_base_fee, value_base_fee, nr_properties_required, notation_template, rrr_type_code, type_action_code) 
VALUES ('varyCaveat', 'registrationServices', 'Vary caveat::::Изменить арест::::تعديل القيد', '...::::...::::...', 'c', 5, 5.00, 0.00, 0.00, 1, '<Caveat> <reference>', 'caveat', 'vary');

INSERT INTO application.request_type (code, request_category_code, display_value, description, status, nr_days_to_complete, base_fee, area_base_fee, value_base_fee, nr_properties_required, notation_template, rrr_type_code, type_action_code) 
VALUES ('removeRight', 'registrationServices', 'Remove Right (General)::::Прекратить право::::الغاء حق (عام)', '...::::...::::...', 'c', 5, 5.00, 0.00, 0.00, 1, '<right> <reference> cancelled', null, 'cancel');

INSERT INTO application.request_type (code, request_category_code, display_value, description, status, nr_days_to_complete, base_fee, area_base_fee, value_base_fee, nr_properties_required, notation_template, rrr_type_code, type_action_code) 
VALUES ('newOwnership', 'registrationServices', 'Change of Ownership::::Смена владельца::::تغيير الملكية', '...::::...::::...', 'c', 5, 5.00, 0.00, 0.02, 1, 'Transfer to <name>', 'ownership', 'vary');

INSERT INTO application.request_type (code, request_category_code, display_value, description, status, nr_days_to_complete, base_fee, area_base_fee, value_base_fee, nr_properties_required, notation_template, rrr_type_code, type_action_code) 
VALUES ('cadastreBulk', 'informationServices', 'Cadastre Bulk Export::::Массовая загрузка кадастровых данных::::تصدير  رزمة مساحة', '...::::...::::...', 'x', 5, 5.00, 0.10, 0.00, 0, null, null, null);

INSERT INTO application.request_type (code, request_category_code, display_value, description, status, nr_days_to_complete, base_fee, area_base_fee, value_base_fee, nr_properties_required, notation_template, rrr_type_code, type_action_code) 
VALUES ('lifeEstate', 'registrationServices', 'Establish Life Estate::::Регистрация пожизненного права пользования::::انشاء تمليك عقار مدى الحياة.', '...::::...::::...', 'x', 5, 5.00, 0.00, 0.02, 1, 'Life Estate for <name1> with Remainder Estate in <name2, name3>', 'lifeEstate', 'new');

INSERT INTO application.request_type (code, request_category_code, display_value, description, status, nr_days_to_complete, base_fee, area_base_fee, value_base_fee, nr_properties_required, notation_template, rrr_type_code, type_action_code) 
VALUES ('systematicRegn', 'registrationServices', 'Systematic Registration Claim::::Запрос на системную регистрацию::::المطالبة بتسجيل منتظم', '...::::...::::...', 'c', 90, 50.00, 0.00, 0.00, 0, 'Title issued at completion of systematic registration', 'ownership', 'new');

INSERT INTO application.request_type (code, request_category_code, display_value, description, status, nr_days_to_complete, base_fee, area_base_fee, value_base_fee, nr_properties_required, notation_template, rrr_type_code, type_action_code) 
VALUES ('historicOrder', 'registrationServices', 'Register Historic Preservation Order::::Регистрация недвижимости исторического назначения::::تسجيل امر حفظ تاريخي', '...::::...::::...', 'c', 5, 5.00, 0.00, 0.00, 1, 'Historic Preservation Order', 'noBuilding', 'new');

INSERT INTO application.request_type (code, request_category_code, display_value, description, status, nr_days_to_complete, base_fee, area_base_fee, value_base_fee, nr_properties_required, notation_template, rrr_type_code, type_action_code) 
VALUES ('mapExistingParcel', 'registrationServices', 'Map Existing Parcel::::::::رسم خارطة القطعة', '...::::::::...', 'c', 30, 0.00, 0.00, 0.00, 0, 'Allows to make changes to the cadastre', null, null);

INSERT INTO application.request_type (code, request_category_code, display_value, description, status, nr_days_to_complete, base_fee, area_base_fee, value_base_fee, nr_properties_required, notation_template, rrr_type_code, type_action_code) 
VALUES ('newApartment', 'registrationServices', 'New Apartment Title::::Новое право на квартиру::::سند ملكية . لشقة جديدة', '...::::...::::...', 'c', 5, 5.00, 0.00, 0.02, 1, 'Apartment Estate', 'apartment', 'new');

INSERT INTO application.request_type (code, request_category_code, display_value, description, status, nr_days_to_complete, base_fee, area_base_fee, value_base_fee, nr_properties_required, notation_template, rrr_type_code, type_action_code) 
VALUES ('cnclStandardDocument', 'registrationServices', 'Withdraw Standard Document::::Удалить типовой документ::::سحب الوثيقة المرجعية', 'To withdraw from use any standard document (such as standard mortgage or standard lease)::::...::::...', 'c', 1, 5.00, 0.00, 0.00, 0, null, null, null);

INSERT INTO application.request_type (code, request_category_code, display_value, description, status, nr_days_to_complete, base_fee, area_base_fee, value_base_fee, nr_properties_required, notation_template, rrr_type_code, type_action_code) 
VALUES ('buildingRestriction', 'registrationServices', 'Register Building Restriction::::Регистрация ограничения на строение::::تسجيل قيود بناية', '...::::...::::...', 'c', 5, 5.00, 0.00, 0.00, 1, 'Building Restriction', 'noBuilding', 'new');

INSERT INTO application.request_type (code, request_category_code, display_value, description, status, nr_days_to_complete, base_fee, area_base_fee, value_base_fee, nr_properties_required, notation_template, rrr_type_code, type_action_code) 
VALUES ('usufruct', 'registrationServices', 'Register Usufruct::::Регистрация права пользования ресурсами::::حق الانتفاع', '...::::...::::...', 'x', 5, 5.00, 0.00, 0.00, 1, '<usufruct> right granted to <name>', 'usufruct', 'new');

INSERT INTO application.request_type (code, request_category_code, display_value, description, status, nr_days_to_complete, base_fee, area_base_fee, value_base_fee, nr_properties_required, notation_template, rrr_type_code, type_action_code) 
VALUES ('varyLease', 'registrationServices', 'Vary Lease::::Изменить право пользования::::تعديل الايجار', '...::::...::::...', 'c', 5, 5.00, 0.00, 0.00, 1, 'Variation of Lease <reference>', 'lease', 'vary');

INSERT INTO application.request_type (code, request_category_code, display_value, description, status, nr_days_to_complete, base_fee, area_base_fee, value_base_fee, nr_properties_required, notation_template, rrr_type_code, type_action_code) 
VALUES ('titleSearch', 'informationServices', 'Title Search::::Поиск недвижимости::::البحث عن سند ملكية.', '...::::...::::...', 'c', 1, 5.00, 0.00, 0.00, 1, null, null, null);

----------------------------------------------------------------------------------------------------

INSERT INTO cadastre.area_type (code, display_value, description, status) 
VALUES ('nonOfficialArea', 'Non-official Area::::Неофициальная Площадь::::Non-official Area', '', 'c');

INSERT INTO cadastre.area_type (code, display_value, description, status) 
VALUES ('officialArea', 'Official Area::::Официальная Площадь::::المساحة الرسمية', '', 'c');

INSERT INTO cadastre.area_type (code, display_value, description, status) 
VALUES ('surveyedArea', 'Surveyed Area::::Площадь по Съемке::::المساحة الممسوحة', '', 'c');

INSERT INTO cadastre.area_type (code, display_value, description, status) 
VALUES ('calculatedArea', 'Calculated Area::::Вычисленная Площадь::::المساحة المحسوبة', '', 'c');

----------------------------------------------------------------------------------------------------

INSERT INTO cadastre.building_unit_type (code, display_value, description, status) 
VALUES ('individual', 'Individual::::Индивидуальное::::فردي', '', 'c');

INSERT INTO cadastre.building_unit_type (code, display_value, description, status) 
VALUES ('shared', 'Shared::::Общая::::مشتركة', '', 'c');

----------------------------------------------------------------------------------------------------

INSERT INTO cadastre.dimension_type (code, display_value, description, status) 
VALUES ('0D', '0D::::0D::::0D', '', 'c');

INSERT INTO cadastre.dimension_type (code, display_value, description, status) 
VALUES ('1D', '1D::::1D::::1D', '', 'c');

INSERT INTO cadastre.dimension_type (code, display_value, description, status) 
VALUES ('2D', '2D::::2D::::2D', '', 'c');

INSERT INTO cadastre.dimension_type (code, display_value, description, status) 
VALUES ('3D', '3D::::3D::::3D', '', 'c');

INSERT INTO cadastre.dimension_type (code, display_value, description, status) 
VALUES ('liminal', 'Liminal::::Liminal::::Liminal', '', 'x');

----------------------------------------------------------------------------------------------------

INSERT INTO cadastre.hierarchy_level (code, display_value, description, status) 
VALUES ('0', 'Hierarchy 0::::Hierarchy 0::::تسلسل هرمي 0', '', 'c');

INSERT INTO cadastre.hierarchy_level (code, display_value, description, status) 
VALUES ('1', 'Hierarchy 1::::Hierarchy 1::::تسلسل هرمي 1', '', 'c');

INSERT INTO cadastre.hierarchy_level (code, display_value, description, status) 
VALUES ('2', 'Hierarchy 2::::Hierarchy 2::::تسلسل هرمي 2', '', 'c');

INSERT INTO cadastre.hierarchy_level (code, display_value, description, status) 
VALUES ('3', 'Hierarchy 3::::Hierarchy 3::::تسلسل هرمي 3', '', 'c');

INSERT INTO cadastre.hierarchy_level (code, display_value, description, status) 
VALUES ('4', 'Hierarchy 4::::Hierarchy 4::::تسلسل هرمي 4', '', 'c');

----------------------------------------------------------------------------------------------------

INSERT INTO cadastre.land_use_type (code, display_value, description, status) 
VALUES ('agricultural', 'Agricultural::::Сельскохозяйственная::::زراعي', '', 'c');

INSERT INTO cadastre.land_use_type (code, display_value, description, status) 
VALUES ('commercial', 'Commercial::::Коммерческая::::تجاري', '', 'c');

INSERT INTO cadastre.land_use_type (code, display_value, description, status) 
VALUES ('industrial', 'Industrial::::Производственная::::صناعي', '', 'c');

INSERT INTO cadastre.land_use_type (code, display_value, description, status) 
VALUES ('residential', 'Residential::::Жилая::::سكني', '', 'c');

----------------------------------------------------------------------------------------------------

INSERT INTO cadastre.level_content_type (code, display_value, description, status) 
VALUES ('building', 'Building::::Здание::::بناية', '', 'x');

INSERT INTO cadastre.level_content_type (code, display_value, description, status) 
VALUES ('customary', 'Customary::::Традиционный::::عرفي', '', 'x');

INSERT INTO cadastre.level_content_type (code, display_value, description, status) 
VALUES ('geographicLocator', 'Geographic Locators::::Географические Точки::::تحديد المواقع الجغرافية', 'Extension to LADM::::Расширение LADM::::Extension to LADM', 'c');

INSERT INTO cadastre.level_content_type (code, display_value, description, status) 
VALUES ('informal', 'Informal::::Неформальный::::غير رسمي', '', 'x');

INSERT INTO cadastre.level_content_type (code, display_value, description, status) 
VALUES ('mixed', 'Mixed::::Смешанный::::مختلط', '', 'x');

INSERT INTO cadastre.level_content_type (code, display_value, description, status) 
VALUES ('network', 'Network::::Сеть::::شبكة', '', 'x');

INSERT INTO cadastre.level_content_type (code, display_value, description, status) 
VALUES ('primaryRight', 'Primary Right::::Первичное право::::حق اساسي', '', 'c');

INSERT INTO cadastre.level_content_type (code, display_value, description, status) 
VALUES ('responsibility', 'Responsibility::::Ответственность::::المسؤوليات', '', 'x');

INSERT INTO cadastre.level_content_type (code, display_value, description, status) 
VALUES ('restriction', 'Restriction::::Ограничение::::القيود', '', 'c');

----------------------------------------------------------------------------------------------------

INSERT INTO cadastre.register_type (code, display_value, description, status) 
VALUES ('all', 'All::::Все::::الجميع', '', 'c');

INSERT INTO cadastre.register_type (code, display_value, description, status) 
VALUES ('forest', 'Forest::::Лес::::غابات', '', 'c');

INSERT INTO cadastre.register_type (code, display_value, description, status) 
VALUES ('mining', 'Mining::::Добыча::::التعدين', '', 'c');

INSERT INTO cadastre.register_type (code, display_value, description, status) 
VALUES ('publicSpace', 'Public Space::::Общественная территория::::اماكن عامة', '', 'c');

INSERT INTO cadastre.register_type (code, display_value, description, status) 
VALUES ('urban', 'Urban::::Городской::::حضري', '', 'c');

INSERT INTO cadastre.register_type (code, display_value, description, status) 
VALUES ('rural', 'Rural::::Сельский::::ريفي', '', 'c');

----------------------------------------------------------------------------------------------------

INSERT INTO cadastre.structure_type (code, display_value, description, status) 
VALUES ('point', 'Point::::Точка::::Point', '', 'c');

INSERT INTO cadastre.structure_type (code, display_value, description, status) 
VALUES ('polygon', 'Polygon::::Полигон::::مضلع', '', 'c');

INSERT INTO cadastre.structure_type (code, display_value, description, status) 
VALUES ('sketch', 'Sketch::::Схема::::رسم تخطيطي', '', 'c');

INSERT INTO cadastre.structure_type (code, display_value, description, status) 
VALUES ('text', 'Text::::Текс::::نص', '', 'c');

INSERT INTO cadastre.structure_type (code, display_value, description, status) 
VALUES ('topological', 'Topological::::Топологический::::طبوغرافي', '', 'c');

INSERT INTO cadastre.structure_type (code, display_value, description, status) 
VALUES ('unStructuredLine', 'UnstructuredLine::::Неструктурированная линия::::خط غير منتظم', '', 'c');

----------------------------------------------------------------------------------------------------

INSERT INTO cadastre.surface_relation_type (code, display_value, description, status) 
VALUES ('above', 'Above::::Над::::فوق', '', 'x');

INSERT INTO cadastre.surface_relation_type (code, display_value, description, status) 
VALUES ('below', 'Below::::Под::::أسفل', '', 'x');

INSERT INTO cadastre.surface_relation_type (code, display_value, description, status) 
VALUES ('mixed', 'Mixed::::Смешанный::::مختلط', '', 'x');

INSERT INTO cadastre.surface_relation_type (code, display_value, description, status) 
VALUES ('onSurface', 'On Surface::::На Поверхности::::فوق السطح', '', 'c');

----------------------------------------------------------------------------------------------------

INSERT INTO cadastre.utility_network_status_type (code, display_value, description, status) 
VALUES ('inUse', 'In Use::::Используется::::قيد الاستخدام', '', 'c');

INSERT INTO cadastre.utility_network_status_type (code, display_value, description, status) 
VALUES ('outOfUse', 'Out of Use::::Не используется::::خارج الخدمة', '', 'c');

INSERT INTO cadastre.utility_network_status_type (code, display_value, description, status) 
VALUES ('planned', 'Planned::::Запланировано::::مخطط', '', 'c');

----------------------------------------------------------------------------------------------------

INSERT INTO cadastre.utility_network_type (code, display_value, description, status) 
VALUES ('electricity', 'Electricity::::Электричество::::كهرباء', '', 'c');

INSERT INTO cadastre.utility_network_type (code, display_value, description, status) 
VALUES ('chemical', 'Chemicals::::Химическая::::كيمياء', '', 'c');

INSERT INTO cadastre.utility_network_type (code, display_value, description, status) 
VALUES ('gas', 'Gas::::Газ::::غاز', '', 'c');

INSERT INTO cadastre.utility_network_type (code, display_value, description, status) 
VALUES ('telecommunication', 'Telecommunication::::Телекоммуникации::::اتصالات', '', 'c');

INSERT INTO cadastre.utility_network_type (code, display_value, description, status) 
VALUES ('oil', 'Oil::::Нефть::::بترول', '', 'c');

INSERT INTO cadastre.utility_network_type (code, display_value, description, status) 
VALUES ('water', 'Water::::Вода::::ماء', '', 'c');

INSERT INTO cadastre.utility_network_type (code, display_value, description, status) 
VALUES ('heating', 'Heating::::Отопление::::حرارة', '', 'c');

----------------------------------------------------------------------------------------------------

INSERT INTO cadastre.cadastre_object_type (code, display_value, description, status, in_topology) 
VALUES ('buildingUnit', 'Building Unit::::Единица Здания::::وحدة بناية', '', 'c', 'f');

INSERT INTO cadastre.cadastre_object_type (code, display_value, description, status, in_topology) 
VALUES ('parcel', 'Parcel::::Участок::::قطعة', '', 'c', 't');

INSERT INTO cadastre.cadastre_object_type (code, display_value, description, status, in_topology) 
VALUES ('utilityNetwork', 'Utility Network::::Инфраструктурная Сеть::::شبكة خدمات', '', 'c', 'f');

----------------------------------------------------------------------------------------------------

INSERT INTO party.communication_type (code, display_value, status, description) 
VALUES ('eMail', 'e-Mail::::Эл. почта::::بريد الكتروني', 'c', '...::::::::...');

INSERT INTO party.communication_type (code, display_value, status, description) 
VALUES ('fax', 'Fax::::Факс::::فاكس', 'c', '...::::::::...');

INSERT INTO party.communication_type (code, display_value, status, description) 
VALUES ('phone', 'Phone::::Телефон::::تلفون', 'c', '...::::::::...');

INSERT INTO party.communication_type (code, display_value, status, description) 
VALUES ('post', 'Post::::Почта::::بريد', 'c', '...::::::::...');

INSERT INTO party.communication_type (code, display_value, status, description) 
VALUES ('courier', 'Courier::::Курьер::::ساعي بريد', 'c', '...::::::::...');

----------------------------------------------------------------------------------------------------

INSERT INTO party.gender_type (code, display_value, status, description) 
VALUES ('female', 'Female::::Женский::::أنثى', 'c', '...::::::::...');

INSERT INTO party.gender_type (code, display_value, status, description) 
VALUES ('male', 'Male::::Мужской::::ذكر', 'c', '...::::::::...');

----------------------------------------------------------------------------------------------------

INSERT INTO party.group_party_type (code, display_value, status, description) 
VALUES ('association', 'Association::::Ассоциация::::رابطة', 'c', '');

INSERT INTO party.group_party_type (code, display_value, status, description) 
VALUES ('baunitGroup', 'Basic Administrative Unit Group::::Базовая Административная Группа Единиц::::مجموعة الوحدات الادارية الاساسية', 'x', '');

INSERT INTO party.group_party_type (code, display_value, status, description) 
VALUES ('family', 'Family::::Семья::::العائلة', 'c', '');

INSERT INTO party.group_party_type (code, display_value, status, description) 
VALUES ('tribe', 'Tribe::::Племя::::القبيلة', 'x', '');

----------------------------------------------------------------------------------------------------

INSERT INTO party.id_type (code, display_value, status, description) 
VALUES ('nationalID', 'National ID::::Внутренний ID::::بطاقة شخصية', 'c', 'The main person ID that exists in the country::::Внутренняя ID карта гражданина внутри страны::::...');

INSERT INTO party.id_type (code, display_value, status, description) 
VALUES ('nationalPassport', 'National Passport::::Паспорт::::جواز سفر', 'c', 'A passport issued by the country::::Паспорт, выданный в стране::::...');

INSERT INTO party.id_type (code, display_value, status, description) 
VALUES ('otherPassport', 'Other Passport::::Другой паспорт::::جواز سفراخر', 'c', 'A passport issued by another country::::Паспорт выданный другой страной::::...');

----------------------------------------------------------------------------------------------------

INSERT INTO party.party_type (code, display_value, status, description) 
VALUES ('baunit', 'Basic Administrative Unit::::Базовая Административная Единица::::الطابو', 'c', '...::::::::...');

INSERT INTO party.party_type (code, display_value, status, description) 
VALUES ('group', 'Group::::Группа::::مجموعة', 't', '...::::::::...');

INSERT INTO party.party_type (code, display_value, status, description) 
VALUES ('naturalPerson', 'Natural Person::::Физическое лицо::::شخص طبيعي', 'c', '...::::::::...');

INSERT INTO party.party_type (code, display_value, status, description) 
VALUES ('nonNaturalPerson', 'Non-natural Person::::Организация::::شخص اعتباري', 'c', '...::::::::...');

----------------------------------------------------------------------------------------------------

INSERT INTO party.party_role_type (code, display_value, status, description) 
VALUES ('landOfficer', 'Land Officer::::Землеустроитель::::موظف دائرة الاراضي', 'c', 'Extension to LADM::::Расширение LADM::::...');

INSERT INTO party.party_role_type (code, display_value, status, description) 
VALUES ('certifiedSurveyor', 'Licenced Surveyor::::Лицензированный Геодезист::::مساح مرخص', 'c', '...::::::::...');

INSERT INTO party.party_role_type (code, display_value, status, description) 
VALUES ('lodgingAgent', 'Lodging Agent::::Агент по подачи заявлений::::وكيل تسجيل', 'c', 'Extension to LADM::::Расширение LADM::::...');

INSERT INTO party.party_role_type (code, display_value, status, description) 
VALUES ('moneyProvider', 'Money Provider::::Заемщик денег::::ممول', 'c', '...::::::::...');

INSERT INTO party.party_role_type (code, display_value, status, description) 
VALUES ('applicant', 'Applicant::::Заявитель::::مقدم الطلب', 'c', 'Extension to LADM::::Расширение LADM::::...');

INSERT INTO party.party_role_type (code, display_value, status, description) 
VALUES ('notary', 'Notary::::Нотариус::::كاتب عدل', 'c', '...::::::::...');

INSERT INTO party.party_role_type (code, display_value, status, description) 
VALUES ('bank', 'Bank::::Банк::::البنك', 'c', '...::::::::...');

INSERT INTO party.party_role_type (code, display_value, status, description) 
VALUES ('citizen', 'Citizen::::Гражданин::::المواطن', 'c', '...::::::::...');

INSERT INTO party.party_role_type (code, display_value, status, description) 
VALUES ('powerOfAttorney', 'Power of Attorney::::Адвокат (поверенный)::::وكيل', 'c', 'Extension to LADM::::Расширение LADM::::...');

INSERT INTO party.party_role_type (code, display_value, status, description) 
VALUES ('conveyor', 'Conveyor::::Перевозчик::::الموصل', 'x', '...::::::::...');

INSERT INTO party.party_role_type (code, display_value, status, description) 
VALUES ('employee', 'Employee::::Служащий::::الموظف', 'x', '...::::::::...');

INSERT INTO party.party_role_type (code, display_value, status, description) 
VALUES ('stateAdministrator', 'Registrar / Approving Surveyor::::Регистратор / Утверждающий Геодезист::::مساح معتمد', 'c', '...::::::::...');

INSERT INTO party.party_role_type (code, display_value, status, description) 
VALUES ('farmer', 'Farmer::::Фермер::::مزارع', 'x', '...::::::::...');

INSERT INTO party.party_role_type (code, display_value, status, description) 
VALUES ('surveyor', 'Surveyor::::Геодезист::::مساح', 'x', '...::::::::...');

INSERT INTO party.party_role_type (code, display_value, status, description) 
VALUES ('transferee', 'Transferee (to)::::Получатель::::منقول له', 'c', 'Extension to LADM::::Расширение LADM::::...');

INSERT INTO party.party_role_type (code, display_value, status, description) 
VALUES ('transferor', 'Transferor (from)::::Цедент::::منقول منه', 'c', 'Extension to LADM::::Расширение LADM::::...');

INSERT INTO party.party_role_type (code, display_value, status, description) 
VALUES ('writer', 'Writer::::Оформитель документов::::كاتب', 'x', '...::::::::...');

----------------------------------------------------------------------------------------------------

INSERT INTO source.administrative_source_type (code, display_value, status, description, is_for_registration) 
VALUES ('cadastralSurvey', 'Cadastral Survey::::Кадастровая Съемка::::مسح الاراضي', 'c', 'Extension to LADM::::Расширение LADM::::...', 'f');

INSERT INTO source.administrative_source_type (code, display_value, status, description, is_for_registration) 
VALUES ('pdf', 'Pdf Scanned Document::::Отсканированный Документ PDF::::وثيقة Pdf ممسوحة', 'x', '...::::::::...', 'f');

INSERT INTO source.administrative_source_type (code, display_value, status, description, is_for_registration) 
VALUES ('contractForSale', 'Contract for Sale::::Договор о Продаже::::عقد بيع', 'c', 'Extension to LADM::::Расширение LADM::::...', 'f');

INSERT INTO source.administrative_source_type (code, display_value, status, description, is_for_registration) 
VALUES ('powerOfAttorney', 'Power of Attorney::::Доверенность::::وكالة', 'c', 'Extension to LADM::::Расширение LADM::::...', 't');

INSERT INTO source.administrative_source_type (code, display_value, status, description, is_for_registration) 
VALUES ('will', 'Will::::Завещание::::وصية', 'c', 'Extension to LADM::::Расширение LADM::::...', 'f');

INSERT INTO source.administrative_source_type (code, display_value, status, description, is_for_registration) 
VALUES ('proclamation', 'Proclamation::::Прокламация::::إعلان', 'c', 'Extension to LADM::::Расширение LADM::::...', 'f');

INSERT INTO source.administrative_source_type (code, display_value, status, description, is_for_registration) 
VALUES ('standardDocument', 'Standard Document::::Стандартный Документ::::وثيقة مرجعية', 'c', 'Extension to LADM::::Расширение LADM::::...', 't');

INSERT INTO source.administrative_source_type (code, display_value, status, description, is_for_registration) 
VALUES ('agriConsent', 'Agricultural Consent::::Сельскохозяйственное Разрешение::::الموافقة الزراعية', 'x', '...::::::::...', 'f');

INSERT INTO source.administrative_source_type (code, display_value, status, description, is_for_registration) 
VALUES ('tif', 'Tif Scanned Document::::Отсканированный Документ TIF::::وثيقة Tif  ممسوحة.', 'x', '...::::::::...', 'f');

INSERT INTO source.administrative_source_type (code, display_value, status, description, is_for_registration) 
VALUES ('systematicRegn', 'Systematic Registration Application::::Заявление на Системную Регистрацию::::طلب تسجيل منتظم', 'c', 'Extension to LADM::::Расширение LADM::::...', 'f');

INSERT INTO source.administrative_source_type (code, display_value, status, description, is_for_registration) 
VALUES ('agriLease', 'Agricultural Lease::::Сельскохозяйственная Аренда::::اجارة زراعية', 'x', '', 'f');

INSERT INTO source.administrative_source_type (code, display_value, status, description, is_for_registration) 
VALUES ('caveat', 'Caveat::::Протест::::الموانع', 'c', 'Extension to LADM::::Расширение LADM::::...', 'f');

INSERT INTO source.administrative_source_type (code, display_value, status, description, is_for_registration) 
VALUES ('publicNotification', 'Public Notification for Systematic Registration::::Публичное Уведомление о Системной Регистрации::::اعلان عام للتسجيل المنتظم', 'c', 'Extension to LADM::::Расширение LADM::::...', 'f');

INSERT INTO source.administrative_source_type (code, display_value, status, description, is_for_registration) 
VALUES ('tiff', 'Tiff Scanned Document::::Отсканированный Документ TIFF::::وثيقة ممسوحة (Tiff)', 'x', '', 'f');

INSERT INTO source.administrative_source_type (code, display_value, status, description, is_for_registration) 
VALUES ('courtOrder', 'Court Order::::Судебное Решение::::امر محكمة', 'c', 'Extension to LADM::::Расширение LADM::::...', 'f');

INSERT INTO source.administrative_source_type (code, display_value, status, description, is_for_registration) 
VALUES ('agreement', 'Agreement::::Соглашение::::اتفاقية', 'c', 'Extension to LADM::::Расширение LADM::::...', 'f');

INSERT INTO source.administrative_source_type (code, display_value, status, description, is_for_registration) 
VALUES ('agriNotaryStatement', 'Agricultural Notary Statement::::Нотариальное Сельскохозяйственное Заявление::::بيان كاتب العدل الزراعية', 'x', '...::::::::...', 'f');

INSERT INTO source.administrative_source_type (code, display_value, status, description, is_for_registration) 
VALUES ('deed', 'Deed::::Сделка::::عمل', 'c', '...::::::::...', 'f');

INSERT INTO source.administrative_source_type (code, display_value, status, description, is_for_registration) 
VALUES ('cadastralMap', 'Cadastral Map::::Кадастровая Карта::::خارطة المساحة', 'c', 'Extension to LADM::::Расширение LADM::::...', 'f');

INSERT INTO source.administrative_source_type (code, display_value, status, description, is_for_registration) 
VALUES ('title', 'Title::::Право Собственности::::سند ملكية', 'c', '...::::::::...', 'f');

INSERT INTO source.administrative_source_type (code, display_value, status, description, is_for_registration) 
VALUES ('idVerification', 'Form of Identification including Personal ID::::Форма удостоверения включая персональный ID::::نموذج تعريف شخصي', 'c', 'Extension to LADM::::Расширение LADM::::...', 'f');

INSERT INTO source.administrative_source_type (code, display_value, status, description, is_for_registration) 
VALUES ('waiver', 'Waiver to Caveat or other requirement::::Ходатайство о приостановке судебного разбирательства::::تنازل  عن قيد  أو شرط آخر', 'c', 'Extension to LADM::::Расширение LADM::::...', 'f');

INSERT INTO source.administrative_source_type (code, display_value, status, description, is_for_registration) 
VALUES ('jpg', 'Jpg Scanned Document::::Отсканированный Документ JPEG::::وثيقة Jpg ممسوحة', 'x', '...::::::::...', 'f');

INSERT INTO source.administrative_source_type (code, display_value, status, description, is_for_registration) 
VALUES ('lease', 'Lease::::Договор Аренды::::تأجير', 'c', '...::::::::...', 'f');

INSERT INTO source.administrative_source_type (code, display_value, status, description, is_for_registration) 
VALUES ('mortgage', 'Mortgage::::Ипотека::::رهن', 'c', '...::::::::...', 'f');

INSERT INTO source.administrative_source_type (code, display_value, status, description, is_for_registration) 
VALUES ('objection', 'Objection  document::::Документ Обжалования::::وثيقة اعتراض', 'c', 'Extension to LADM::::Расширение LADM::::...', 'f');

----------------------------------------------------------------------------------------------------

INSERT INTO source.availability_status_type (code, display_value, status, description) 
VALUES ('archiveConverted', 'Converted::::Сконвертированный::::محولة', 'c', '');

INSERT INTO source.availability_status_type (code, display_value, status, description) 
VALUES ('archiveDestroyed', 'Destroyed::::Уничтоженный::::متلفة', 'x', '');

INSERT INTO source.availability_status_type (code, display_value, status, description) 
VALUES ('available', 'Available::::Доступный::::متوفرة', 'c', 'Extension to LADM::::Extension to LADM::::Extension to LADM');

INSERT INTO source.availability_status_type (code, display_value, status, description) 
VALUES ('archiveUnknown', 'Unknown::::Неизвестный::::غير معروفة', 'c', '');

INSERT INTO source.availability_status_type (code, display_value, status, description) 
VALUES ('incomplete', 'Incomplete::::Незаконченный::::غير مكتملة', 'c', '');

----------------------------------------------------------------------------------------------------

INSERT INTO source.presentation_form_type (code, display_value, status, description) 
VALUES ('tableDigital', 'Digital Table::::Цифровая Таблица::::جدول رقمي', 'c', '');

INSERT INTO source.presentation_form_type (code, display_value, status, description) 
VALUES ('tableHardcopy', 'Hardcopy Table::::Бумажная Таблица::::جدول ورقي', 'c', '');

INSERT INTO source.presentation_form_type (code, display_value, status, description) 
VALUES ('videoDigital', 'Digital Video::::Цифровое Видео::::شريط فيديو رقمي', 'c', '');

INSERT INTO source.presentation_form_type (code, display_value, status, description) 
VALUES ('videoHardcopy', 'Hardcopy Video::::Видео на носителе::::شريط فيديو', 'c', '');

INSERT INTO source.presentation_form_type (code, display_value, status, description) 
VALUES ('documentDigital', 'Digital Document::::Цифровой Документ::::وثيقة رقمية', 'c', '');

INSERT INTO source.presentation_form_type (code, display_value, status, description) 
VALUES ('documentHardcopy', 'Hardcopy Document::::Бумажный Документ::::وثيقة ورقية', 'c', '');

INSERT INTO source.presentation_form_type (code, display_value, status, description) 
VALUES ('imageDigital', 'Digital Image::::Цифровое Изображение::::صورة رقمية', 'c', '');

INSERT INTO source.presentation_form_type (code, display_value, status, description) 
VALUES ('imageHardcopy', 'Hardcopy Image::::Бумажное Изображение::::صورة ورقية', 'c', '');

INSERT INTO source.presentation_form_type (code, display_value, status, description) 
VALUES ('mapDigital', 'Digital Map::::Цифровая Карты::::خارطة رقمية', 'c', '');

INSERT INTO source.presentation_form_type (code, display_value, status, description) 
VALUES ('mapHardcopy', 'Hardcopy Map::::Бумажная Карта::::خارطة ورقية', 'c', '');

INSERT INTO source.presentation_form_type (code, display_value, status, description) 
VALUES ('modelDigital', 'Digital Model::::Цифровая Модель::::نموذج رقمي', 'c', '');

INSERT INTO source.presentation_form_type (code, display_value, status, description) 
VALUES ('modelHarcopy', 'Hardcopy Model::::Бумажная Модель::::نموذج ورقي', 'c', '');

INSERT INTO source.presentation_form_type (code, display_value, status, description) 
VALUES ('profileDigital', 'Digital Profile::::Цифровое Дело::::ملف شخصي رقمي', 'c', '');

INSERT INTO source.presentation_form_type (code, display_value, status, description) 
VALUES ('profileHardcopy', 'Hardcopy Profile::::Бумажное Дело::::ملف شخصي ورقي', 'c', '');

----------------------------------------------------------------------------------------------------

INSERT INTO source.spatial_source_type (code, display_value, status, description) 
VALUES ('cadastralSurvey', 'Cadastral Survey::::Кадастровая Съемка::::المسح', 'c', 'Extension to LADM::::Расширение LADM::::Extension to LADM');

INSERT INTO source.spatial_source_type (code, display_value, status, description) 
VALUES ('fieldSketch', 'Field Sketch::::Полевая Схема::::رسم الحقل', 'c', '');

INSERT INTO source.spatial_source_type (code, display_value, status, description) 
VALUES ('gnssSurvey', 'GNSS (GPS) Survey::::Съемка GNSS (GPS)::::مسح جي بي اس', 'c', '');

INSERT INTO source.spatial_source_type (code, display_value, status, description) 
VALUES ('orthoPhoto', 'Orthophoto::::Аэрофотография::::الصور الجوية المعدلة', 'c', '');

INSERT INTO source.spatial_source_type (code, display_value, status, description) 
VALUES ('relativeMeasurement', 'Relative Measurements::::Относительные Измерения::::القياسات المرتبطة', 'c', '');

INSERT INTO source.spatial_source_type (code, display_value, status, description) 
VALUES ('surveyData', 'Survey Data (Coordinates)::::Данные Съемки (Координаты)::::احداثيات المسح', 'c', 'Extension to LADM::::Расширение LADM::::Extension to LADM');

INSERT INTO source.spatial_source_type (code, display_value, status, description) 
VALUES ('topoMap', 'Topographical Map::::Топологическая Карта::::خارطة طبوغرافية', 'c', '');

INSERT INTO source.spatial_source_type (code, display_value, status, description) 
VALUES ('video', 'Video::::Видео::::شريط فيديو', 'c', '');

----------------------------------------------------------------------------------------------------

INSERT INTO system.approle (code, display_value, status, description) 
VALUES ('ApplnUnassignOthers', 'Application - Unassign from Others::::Application - Unassign from Others::::طلب-الغاء التعيين', 'c', 'Allows the user to unassign an application from any user. ::::Allows the user to unassign an application from any user.::::Allows the user to unassign an application from any user.');

INSERT INTO system.approle (code, display_value, status, description) 
VALUES ('ApplnAssignSelf', 'Application - Assign to Self::::Application - Assign to Self::::تعيين ذاتي', 'c', 'Allows a user to assign an application to themselves.::::Allows a user to assign an application to themselves.::::Allows a user to assign an application to themselves.');

INSERT INTO system.approle (code, display_value, status, description) 
VALUES ('BulkApplication', 'Bulk Operations - Login ::::Bulk Operations - Login::::عمليات الحزمة- تسجيل الدخول', 'c', 'Allows the user to login and use the Bulk Operations application. ::::Allows the user to login and use the Bulk Operations application.::::Allows the user to login and use the Bulk Operations application.');

INSERT INTO system.approle (code, display_value, status, description) 
VALUES ('BaunitSave', 'Property - Edit & Save::::Property - Edit & Save::::الملكية-تعديل وحفظ', 'c', 'Allows property details to be edited and saved.::::Allows property details to be edited and saved.::::Allows property details to be edited and saved.');

INSERT INTO system.approle (code, display_value, status, description) 
VALUES ('ApplnView', 'Application - Search & View::::Application - Search & View::::الطلب-البحث والعرض', 'c', 'Allows users to search and view application details.::::Allows users to search and view application details.::::Allows users to search and view application details.');

INSERT INTO system.approle (code, display_value, status, description) 
VALUES ('DashbrdViewAssign', 'Dashboard - View Assigned::::Dashboard - View Assigned::::لوحة المراقبة-مشاهدة الطلبات المعينة', 'c', 'Allows the user to view applications assigned to them in the Dashboard. To hide the Dashboard from the user, remove both this role and the Dashboard - View Unassigned role. ::::Allows the user to view applications assigned to them in the Dashboard. To hide the Dashboard from the user, remove both this role and the Dashboard - View Unassigned role.::::Allows the user to view applications assigned to them in the Dashboard. To hide the Dashboard from the user, remove both this role and the Dashboard - View Unassigned role.');

INSERT INTO system.approle (code, display_value, status, description) 
VALUES ('documentCopy', 'Service - Document Copy::::Service - Document Copy::::الحدمة-نسخ وثيقة', 'c', 'Supporting Service. Allows the Document Copy service to be started.::::Supporting Service. Allows the Document Copy service to be started.::::Supporting Service. Allows the Document Copy service to be started.');

INSERT INTO system.approle (code, display_value, status, description) 
VALUES ('ManageRefdata', 'Admin - Reference Data::::Admin - Reference Data::::ادارة-البيانات المرجعية', 'c', 'Allows system administrators to manage (edit and save) reference data details.  Users with this role will be able to login to the SOLA Admin application. ::::Allows system administrators to manage (edit and save) reference data details.  Users with this role will be able to login to the SOLA Admin application.::::Allows system administrators to manage (edit and save) reference data details.  Users with this role will be able to login to the SOLA Admin application.');

INSERT INTO system.approle (code, display_value, status, description) 
VALUES ('newDigitalTitle', 'Service - Convert Title::::Service - Convert Title::::الخدمة-تحويل ملكية', 'c', 'Registration Service. Allows the Convert Title service to be started. ::::Registration Service. Allows the Convert Title service to be started.::::Registration Service. Allows the Convert Title service to be started.');

INSERT INTO system.approle (code, display_value, status, description) 
VALUES ('ParcelSave', 'Parcel - Edit & Save::::Parcel - Edit & Save::::القطع-تعديل و حفظ', 'c', 'Allows parcel details to be edited and saved.::::Allows parcel details to be edited and saved.::::Allows parcel details to be edited and saved.');

INSERT INTO system.approle (code, display_value, status, description) 
VALUES ('PartySave', 'Party - Edit & Save::::Party - Edit & Save::::الطرف-تعديل وحفظ', 'c', 'Allows party details to be edited and saved unless the party is a rightholder. ::::Allows party details to be edited and saved unless the party is a rightholder.::::Allows party details to be edited and saved unless the party is a rightholder.');

INSERT INTO system.approle (code, display_value, status, description) 
VALUES ('RHSave', 'Party - Save Rightholder::::Party - Save Rightholder::::الطرف-حفظ صاحب حق', 'c', 'Allows parties that are rightholders to be edited and saved.::::Allows parties that are rightholders to be edited and saved.::::Allows parties that are rightholders to be edited and saved.');

INSERT INTO system.approle (code, display_value, status, description) 
VALUES ('varyLease', 'Service - Vary Lease::::Service - Vary Lease::::الخدمة- تغيير ايجار', 'c', 'Registration Service. Allows the Vary Lease service to be started. ::::Registration Service. Allows the Vary Lease service to be started.::::Registration Service. Allows the Vary Lease service to be started.');

INSERT INTO system.approle (code, display_value, status, description) 
VALUES ('ApplnDispatch', 'Appln Action - Dispatch::::Appln Action - Dispatch::::جركة طلب-توزيع', 'c', 'Required to perform the Dispatch application action. Used to indicate that documents have been dispatched to applicant along with any certificates/reports/map prints requested by applicant::::Required to perform the Dispatch application action. Used to indicate that documents have been dispatched to applicant along with any certificates/reports/map prints requested by applicant::::Required to perform the Dispatch application action. Used to indicate that documents have been dispatched to applicant along with any certificates/reports/map prints requested by applicant');

INSERT INTO system.approle (code, display_value, status, description) 
VALUES ('cadastrePrint', 'Service - Cadastre Print::::Service - Cadastre Print::::الخدمة-طباعة مساحة', 'c', 'Supporting Service. Allows the Cadastre Print service to be started. ::::Supporting Service. Allows the Cadastre Print service to be started.::::Supporting Service. Allows the Cadastre Print service to be started.');

INSERT INTO system.approle (code, display_value, status, description) 
VALUES ('cnclPowerOfAttorney', 'Service - Cancel Power of Attorney::::Service - Cancel Power of Attorney::::الخدمة-الغاء وكالة', 'c', 'Registration Service. Allows the Cancel Power of Attorney service to be started::::Registration Service. Allows the Cancel Power of Attorney service to be started::::Registration Service. Allows the Cancel Power of Attorney service to be started');

INSERT INTO system.approle (code, display_value, status, description) 
VALUES ('mapExistingParcel', 'Map Existing Parcel::::Map Existing Parcel::::الخارطة- القطع الموجودة', 'c', 'Allows to map existing parcel as described on existing title. ::::Allows to map existing parcel as described on existing title.::::Allows to map existing parcel as described on existing title.');

INSERT INTO system.approle (code, display_value, status, description) 
VALUES ('newOwnership', 'Service - Chance of Ownership::::Service - Chance of Ownership::::الخدمة-تغيير اصحاب الملكية', 'c', 'Registration Service. Allows the Change of Ownership service to be started. ::::Registration Service. Allows the Change of Ownership service to be started.::::Registration Service. Allows the Change of Ownership service to be started.');

INSERT INTO system.approle (code, display_value, status, description) 
VALUES ('SourceSave', 'Document - Save::::Document - Save::::الوثائق-حفظ', 'c', 'Allows document details to be edited and saved::::Allows document details to be edited and saved::::Allows document details to be edited and saved');

INSERT INTO system.approle (code, display_value, status, description) 
VALUES ('SourceSearch', 'Document - Search & View::::Document - Search & View::::الوثائق- البحث والعرض', 'c', 'Allows users to search for documents.::::Allows users to search for documents.::::Allows users to search for documents.');

INSERT INTO system.approle (code, display_value, status, description) 
VALUES ('ApplnEdit', 'Application - Edit & Save::::Application - Edit & Save::::حركة طلب- تعديل وحفظ', 'c', 'Allows application details to be edited and saved. ::::Allows application details to be edited and saved.::::Allows application details to be edited and saved.');

INSERT INTO system.approle (code, display_value, status, description) 
VALUES ('ApplnResubmit', 'Appln Action - Resubmit::::Appln Action - Resubmit::::حركة طلب-اعادة تقديم', 'c', 'Required to perform the Resubmit applicaiton action. The Resubmit action transitions the application into the Lodged state if it is currently On Hold. ::::Required to perform the Resubmit applicaiton action. The Resubmit action transitions the application into the Lodged state if it is currently On Hold.::::Required to perform the Resubmit applicaiton action. The Resubmit action transitions the application into the Lodged state if it is currently On Hold.');

INSERT INTO system.approle (code, display_value, status, description) 
VALUES ('ApplnStatus', 'Application - Status Report::::Application - Status Report::::طلب-تقرير الحالة', 'c', 'Allows the user to print a status report for the application.::::Allows the user to print a status report for the application.::::Allows the user to print a status report for the application.');

INSERT INTO system.approle (code, display_value, status, description) 
VALUES ('ApplnUnassignSelf', 'Application - Unassign from Self::::Application - Unassign from Self::::طلب-الغاء التعيين الذاتي', 'c', 'Allows a user to unassign an application from themselves. ::::Allows a user to unassign an application from themselves.::::Allows a user to unassign an application from themselves.');

INSERT INTO system.approle (code, display_value, status, description) 
VALUES ('BaunitSearch', 'Property - Search::::Property - Search::::الملكية- البحث', 'c', 'Allows users to search for properties. ::::Allows users to search for properties.::::Allows users to search for properties.');

INSERT INTO system.approle (code, display_value, status, description) 
VALUES ('cadastreChange', 'Service - Change to Cadastre::::Service - Change to Cadastre::::الخدمة-تغيير مساحة', 'c', 'Survey Service. Allows the Change to Cadastre service to be started::::Survey Service. Allows the Change to Cadastre service to be started::::Survey Service. Allows the Change to Cadastre service to be started');

INSERT INTO system.approle (code, display_value, status, description) 
VALUES ('cancelProperty', 'Service - Cancel Title::::Service - Cancel Title::::الخدمة-الغاء سند ملكية', 'c', 'Lease Service. Allows the Cancel Title to be started. ::::Lease Service. Allows the Cancel Title to be started.::::Lease Service. Allows the Cancel Title to be started.');

INSERT INTO system.approle (code, display_value, status, description) 
VALUES ('ExportMap', 'Map - KML Export::::Map - KML Export::::الخارطة-تصدير ل KML', 'c', 'Allows the user to export selected features from the map as KML.::::Allows the user to export selected features from the map as KML.::::Allows the user to export selected features from the map as KML.');

INSERT INTO system.approle (code, display_value, status, description) 
VALUES ('ManageBR', 'Admin - Business Rules::::Admin - Business Rules::::ادارة-قواعد الاعمال', 'c', 'Allows system administrators to manage (edit and save) business rules.::::Allows system administrators to manage (edit and save) business rules.::::Allows system administrators to manage (edit and save) business rules.');

INSERT INTO system.approle (code, display_value, status, description) 
VALUES ('newFreehold', 'Service - Freehold Title::::Service - Freehold Title::::الخدمة-سند ملكية', 'c', 'Registration Service. Allows the Freehold Title service to be started.::::Registration Service. Allows the Freehold Title service to be started.::::Registration Service. Allows the Freehold Title service to be started.');

INSERT INTO system.approle (code, display_value, status, description) 
VALUES ('PartySearch', 'Party - Search & View::::Party - Search & View::::الطرف-البحث والعرض', 'c', 'Allows user to search and view party details.::::Allows user to search and view party details.::::Allows user to search and view party details.');

INSERT INTO system.approle (code, display_value, status, description) 
VALUES ('SourcePrint', 'Document - Print::::Document - Print::::الوثائق-طباعة', 'c', 'Allows users to print documents directly from SOLA. ::::Allows users to print documents directly from SOLA.::::Allows users to print documents directly from SOLA.');

INSERT INTO system.approle (code, display_value, status, description) 
VALUES ('systematicRegn', 'Service - Systematic Registration Claim::::Service - Systematic Registration Claim::::الخدمة-المطالبة بتسجيل منتظم', 'c', 'Systematic Registration Service - Allows the Systematic Registration Claim service to be started. ::::Systematic Registration Service - Allows the Systematic Registration Claim service to be started.::::Systematic Registration Service - Allows the Systematic Registration Claim service to be started.');

INSERT INTO system.approle (code, display_value, status, description) 
VALUES ('buildingRestriction', 'Service - Register Building Restriction::::Service - Register Building Restriction::::الخدمة-تسجيل قيد بناء', 'c', 'Registration Service. Allows the Register Building Restriction service to be started. ::::Registration Service. Allows the Register Building Restriction service to be started.::::Registration Service. Allows the Register Building Restriction service to be started.');

INSERT INTO system.approle (code, display_value, status, description) 
VALUES ('historicOrder', 'Service - Register Historic Preservation Order::::Service - Register Historic Preservation Order::::الخدمة-تسجيل امر حفظ تاريخي', 'c', 'Registration Service. Allows the Register Historic Preservation Order service to be started. ::::Registration Service. Allows the Register Historic Preservation Order service to be started.::::Registration Service. Allows the Register Historic Preservation Order service to be started.');

INSERT INTO system.approle (code, display_value, status, description) 
VALUES ('lodgeObjection', 'Service - Lodge Objection::::Service - Lodge Objection::::الخدمة-ايداع اعتراض', 'c', 'Systematic Registration Service. Allows the Lodge Objection service to be started.::::Systematic Registration Service. Allows the Lodge Objection service to be started.::::Systematic Registration Service. Allows the Lodge Objection service to be started.');

INSERT INTO system.approle (code, display_value, status, description) 
VALUES ('newApartment', 'Service - New Apartment Title::::Service - New Apartment Title::::الخدمة-سند ملكية شقة جديد', 'c', 'Registration Service. Allows the New Apartment Title service to be started. ::::Registration Service. Allows the New Apartment Title service to be started.::::Registration Service. Allows the New Apartment Title service to be started.');

INSERT INTO system.approle (code, display_value, status, description) 
VALUES ('removeRestriction', 'Service - Remove Restriction::::Service - Remove Restriction::::الخدمة-ازالة قيد', 'c', 'Registration Service. Allows the Remove Restriction service to be started. ::::Registration Service. Allows the Remove Restriction service to be started.::::Registration Service. Allows the Remove Restriction service to be started.');

INSERT INTO system.approle (code, display_value, status, description) 
VALUES ('RightsExport', 'Reporting - Rights Export::::Reporting - Rights Export::::التقارير- تصدير الحقوق', 'c', 'Allows user to export rights informaiton into CSV format.  ::::Allows user to export rights informaiton into CSV format.::::Allows user to export rights informaiton into CSV format.');

INSERT INTO system.approle (code, display_value, status, description) 
VALUES ('servitude', 'Service - Register Servitude::::Service - Register Servitude::::الخدمة-تسجيل حق انتفاع', 'c', 'Registration Service. Allows the Register Servitude service to be started. ::::Registration Service. Allows the Register Servitude service to be started.::::Registration Service. Allows the Register Servitude service to be started.');

INSERT INTO system.approle (code, display_value, status, description) 
VALUES ('ViewMap', 'Map - View::::Map - View::::الخارطة- عرض', 'c', 'Allows the user to view the map. ::::Allows the user to view the map.::::Allows the user to view the map.');

INSERT INTO system.approle (code, display_value, status, description) 
VALUES ('ApplnArchive', 'Appln Action - Archive::::Appln Action - Archive::::جركة طلب - أرشفة', 'c', 'Required to perform the Archive applicaiton action. The Archive action transitions the application into the Completed state.  ::::Required to perform the Archive applicaiton action. The Archive action transitions the application into the Completed state.::::Required to perform the Archive applicaiton action. The Archive action transitions the application into the Completed state.');

INSERT INTO system.approle (code, display_value, status, description) 
VALUES ('ApplnAssignOthers', 'Application - Assign to Other Users::::Application - Assign to Other Users::::جركة طلب- تعيين لمستحدمين اخرين', 'c', 'Allows a user to assign an application to any other user in the same security groups they are in. ::::Allows a user to assign an application to any other user in the same security groups they are in.::::Allows a user to assign an application to any other user in the same security groups they are in.');

INSERT INTO system.approle (code, display_value, status, description) 
VALUES ('ApplnCreate', 'Application - Lodge::::Application - Lodge::::جركة طلب-ايداع', 'c', 'Allows new application details to be created (lodged). ::::Allows new application details to be created (lodged).::::Allows new application details to be created (lodged).');

INSERT INTO system.approle (code, display_value, status, description) 
VALUES ('serviceEnquiry', 'Service - Service Enquiry::::Service - Service Enquiry::::الخدمة-الاستفسار عن خدمة', 'c', 'Supporting Service. Allow the Service Enquiry service to be started.::::Supporting Service. Allow the Service Enquiry service to be started.::::Supporting Service. Allow the Service Enquiry service to be started.');

INSERT INTO system.approle (code, display_value, status, description) 
VALUES ('surveyPlanCopy', 'Service - Survey Plan Copy::::Service - Survey Plan Copy::::الخدمة-نسخ خطة مسح', 'c', 'Supporting Service. Allows the Survey Plan Copy service to be started. ::::Supporting Service. Allows the Survey Plan Copy service to be started.::::Supporting Service. Allows the Survey Plan Copy service to be started.');

INSERT INTO system.approle (code, display_value, status, description) 
VALUES ('varyCaveat', 'Service - Vary Caveat::::Service - Vary Caveat::::الخدمة-تغيير مانع', 'c', 'Registration Service. Allows the Vary Caveat service to be started. ::::Registration Service. Allows the Vary Caveat service to be started.::::Registration Service. Allows the Vary Caveat service to be started.');

INSERT INTO system.approle (code, display_value, status, description) 
VALUES ('CancelService', 'Service Action - Cancel::::Service Action - Cancel::::حركة خدمة-الغاء', 'c', 'Allows any service to be cancelled.::::Allows any service to be cancelled.::::Allows any service to be cancelled.');

INSERT INTO system.approle (code, display_value, status, description) 
VALUES ('caveat', 'Service - Register Caveat::::Service - Register Caveat::::الخدمة-تسجيل مانع', 'c', 'Registration Service. Allows the Register Caveat service to be started. ::::Registration Service. Allows the Register Caveat service to be started.::::Registration Service. Allows the Register Caveat service to be started.');

INSERT INTO system.approle (code, display_value, status, description) 
VALUES ('CompleteService', 'Service Action - Complete::::Service Action - Complete::::حركة خدمة-اكمال', 'c', 'Allows any service to be completed::::Allows any service to be completed::::Allows any service to be completed');

INSERT INTO system.approle (code, display_value, status, description) 
VALUES ('mortgage', 'Service - Register Mortgage::::Service - Register Mortgage::::الخدمة-تسجيل رهن', 'c', 'Registration Service. Allows the Register Mortgage service to be started. ::::Registration Service. Allows the Register Mortgage service to be started.::::Registration Service. Allows the Register Mortgage service to be started.');

INSERT INTO system.approle (code, display_value, status, description) 
VALUES ('redefineCadastre', 'Service - Redefine Cadastre::::Service - Redefine Cadastre::::الخدمة-اعادة تعريف المساحة', 'c', 'Survey Service. Allows the Redefine Cadastre service to be started. ::::Survey Service. Allows the Redefine Cadastre service to be started.::::Survey Service. Allows the Redefine Cadastre service to be started.');

INSERT INTO system.approle (code, display_value, status, description) 
VALUES ('registerLease', 'Service - Register Lease::::Service - Register Lease::::الخدمة-تسجيل ايجار', 'c', 'Registration Service. Allows the Register Lease service to be started. ::::Registration Service. Allows the Register Lease service to be started.::::Registration Service. Allows the Register Lease service to be started.');

INSERT INTO system.approle (code, display_value, status, description) 
VALUES ('regnPowerOfAttorney', 'Service - Registration of Power of Attorney::::Service - Registration of Power of Attorney::::الخدمة-تسجيل وكالة', 'c', 'Registration Service. Allows the Registration of Power of Attorney service to be started. ::::Registration Service. Allows the Registration of Power of Attorney service to be started.::::Registration Service. Allows the Registration of Power of Attorney service to be started.');

INSERT INTO system.approle (code, display_value, status, description) 
VALUES ('removeCaveat', 'Service - Remove Caveat::::Service - Remove Caveat::::الخدمة-ازالة مانع', 'c', 'Registration Service. Allows the Remove Caveat service to be started. ::::Registration Service. Allows the Remove Caveat service to be started.::::Registration Service. Allows the Remove Caveat service to be started.');

INSERT INTO system.approle (code, display_value, status, description) 
VALUES ('RevertService', 'Service Action - Revert::::Service Action - Revert::::حركة خدمة-التراجع', 'c', 'Allows any completed service to be reverted to a Pending status for further action. ::::Allows any completed service to be reverted to a Pending status for further action.::::Allows any completed service to be reverted to a Pending status for further action.');

INSERT INTO system.approle (code, display_value, status, description) 
VALUES ('TransactionCommit', 'Doc Registration - Save::::Doc Registration - Save::::تسجيل وثيقة-حفظ', 'c', 'Allows documents for registration such as Power of Attorney and Standard Documents to be saved on the Document Registration screen. ::::Allows documents for registration such as Power of Attorney and Standard Documents to be saved on the Document Registration screen.::::Allows documents for registration such as Power of Attorney and Standard Documents to be saved on the Document Registration screen.');

INSERT INTO system.approle (code, display_value, status, description) 
VALUES ('varyMortgage', 'Service - Vary Mortgage::::Service - Vary Mortgage::::الخدمة-تغيير رهن', 'c', 'Registration Service. Allows the Vary Mortgage service to be started.::::Registration Service. Allows the Vary Mortgage service to be started.::::Registration Service. Allows the Vary Mortgage service to be started.');

INSERT INTO system.approle (code, display_value, status, description) 
VALUES ('ApplnValidate', 'Appln Action - Validate::::Appln Action - Validate::::حركة طلب- التحقق من صحة البيانات', 'c', 'Required to perform the Validate applicaiton action. Allows the user to manually run the validation rules against the application. ::::Required to perform the Validate applicaiton action. Allows the user to manually run the validation rules against the application.::::Required to perform the Validate applicaiton action. Allows the user to manually run the validation rules against the application.');

INSERT INTO system.approle (code, display_value, status, description) 
VALUES ('ChangePassword', 'Admin - Change Password::::Admin - Change Password::::ادارة-تغيير كلمة المرور', 'c', 'Allows a user to change their password and edit thier user name. This role should be included in every security group. ::::Allows a user to change their password and edit thier user name. This role should be included in every security group.::::Allows a user to change their password and edit thier user name. This role should be included in every security group.');

INSERT INTO system.approle (code, display_value, status, description) 
VALUES ('ManageSecurity', 'Admin - Users and Security::::Admin - Users and Security::::ادارة-المستخدمين وسرية النظام', 'c', 'Allows system administrators to manage (edit and save) users, groups and roles. Users with this role will be able to login to the SOLA Admin application. ::::Allows system administrators to manage (edit and save) users, groups and roles. Users with this role will be able to login to the SOLA Admin application.::::Allows system administrators to manage (edit and save) users, groups and roles. Users with this role will be able to login to the SOLA Admin application.');

INSERT INTO system.approle (code, display_value, status, description) 
VALUES ('ManageSettings', 'Admin - System Settings::::Admin - System Settings::::ادارة-اعدادات النظام', 'c', 'Allows system administrators to manage (edit and save) system setting details. Users with this role will be able to login to the SOLA Admin application. ::::Allows system administrators to manage (edit and save) system setting details. Users with this role will be able to login to the SOLA Admin application.::::Allows system administrators to manage (edit and save) system setting details. Users with this role will be able to login to the SOLA Admin application.');

INSERT INTO system.approle (code, display_value, status, description) 
VALUES ('ApplnApprove', 'Appln Action - Approval::::Appln Action - Approval::::حركة طلب - الموافقة', 'c', 'Required to perform the Approve applicaiton action. The Approve action transitions the application into the Approved state. 
All services on the application must be completed before this action is available. ::::Required to perform the Approve applicaiton action. The Approve action transitions the application into the Approved state.
All services on the application must be completed before this action is available.::::Required to perform the Approve applicaiton action. The Approve action transitions the application into the Approved state.
All services on the application must be completed before this action is available.');

INSERT INTO system.approle (code, display_value, status, description) 
VALUES ('PrintMap', 'Map - Print::::Map - Print::::الخارطة-طباعة', 'c', 'Allows the user to create printouts from the Map::::Allows the user to create printouts from the Map::::Allows the user to create printouts from the Map');

INSERT INTO system.approle (code, display_value, status, description) 
VALUES ('ApplnReject', 'Appln Action - Cancel::::Appln Action - Cancel::::Appln Action - Cancel:::', 'c', 'Required to perform the Cancel applicaiton action. The Cancel action transitions the application into the Annulled state.  ::::Required to perform the Cancel applicaiton action. The Cancel action transitions the application into the Annulled state.::::Required to perform the Cancel applicaiton action. The Cancel action transitions the application into the Annulled state.');

INSERT INTO system.approle (code, display_value, status, description) 
VALUES ('BaunitCertificate', 'Property - Print Certificate::::Property - Print Certificate::::الملكية-طباعة الشهادة', 'c', 'Allows the user to generate a property certificate. ::::Allows the user to generate a property certificate.::::Allows the user to generate a property certificate.');

INSERT INTO system.approle (code, display_value, status, description) 
VALUES ('ReportGenerate', 'Reporting - Management Reports::::Reporting - Management Reports::::تقارير-ادارة التقارير', 'c', 'Allows users to generate and view management reports (e.g. Lodgement Report)::::Allows users to generate and view management reports (e.g. Lodgement Report)::::Allows users to generate and view management reports (e.g. Lodgement Report)');

INSERT INTO system.approle (code, display_value, status, description) 
VALUES ('titleSearch', 'Service - Title Search::::Service - Title Search::::الخدمة-البحث عن ملكية', 'c', 'Supporting Service. Allows the Title Search service to be started. ::::Supporting Service. Allows the Title Search service to be started.::::Supporting Service. Allows the Title Search service to be started.');

INSERT INTO system.approle (code, display_value, status, description) 
VALUES ('varyRight', 'Service - Vary Right (General)::::Service - Vary Right (General)::::الخدمة-تغيير حق (عام)', 'c', 'Registration Service. Allows the Vary Right (General) service to be started. ::::Registration Service. Allows the Vary Right (General) service to be started.::::Registration Service. Allows the Vary Right (General) service to be started.');

INSERT INTO system.approle (code, display_value, status, description) 
VALUES ('ApplnRequisition', 'Appln Action - Requisition::::Appln Action - Requisition::::حركة طلب-طلب معلومات', 'c', 'Required to perform the Requisition applicaiton action. The Requisition action transitions the application into the Requisitioned state. ::::Required to perform the Requisition applicaiton action. The Requisition action transitions the application into the Requisitioned state.::::Required to perform the Requisition applicaiton action. The Requisition action transitions the application into the Requisitioned state.');

INSERT INTO system.approle (code, display_value, status, description) 
VALUES ('ApplnWithdraw', 'Appln Action - Withdraw::::Appln Action - Withdraw::::حركة طلب-سحب', 'c', 'Required to perform the Withdraw applicaiton action. The Withdraw action transitions the application into the Annulled state.  ::::Required to perform the Withdraw applicaiton action. The Withdraw action transitions the application into the Annulled state.::::Required to perform the Withdraw applicaiton action. The Withdraw action transitions the application into the Annulled state.');

INSERT INTO system.approle (code, display_value, status, description) 
VALUES ('cnclStandardDocument', 'Service - Withdraw Standard Document::::Service - Withdraw Standard Document::::الحدمة-سحب وثيقة معيارية', 'c', 'Registration Service. Allows the Withdraw Standard Document service to be started. ::::Registration Service. Allows the Withdraw Standard Document service to be started.::::Registration Service. Allows the Withdraw Standard Document service to be started.');

INSERT INTO system.approle (code, display_value, status, description) 
VALUES ('DashbrdViewUnassign', 'Dashboard - View Unassigned::::Dashboard - View Unassigned::::لوحة المراقبة-مشاهدة الطلبات الغير معينة', 'c', 'Allows the user to view all unassigned applications in the Dashboard. To hide the Dashboard from the user, remove both this role and the Dashboard - View Assigned role. ::::Allows the user to view all unassigned applications in the Dashboard. To hide the Dashboard from the user, remove both this role and the Dashboard - View Assigned role.::::Allows the user to view all unassigned applications in the Dashboard. To hide the Dashboard from the user, remove both this role and the Dashboard - View Assigned role.');

INSERT INTO system.approle (code, display_value, status, description) 
VALUES ('regnOnTitle', 'Service - Registration on Title::::Service - Registration on Title::::الخدمة-تسجيل سند ملكية', 'c', 'Registration Service. Allows the Registration on Title service to be started. ::::Registration Service. Allows the Registration on Title service to be started.::::Registration Service. Allows the Registration on Title service to be started.');

INSERT INTO system.approle (code, display_value, status, description) 
VALUES ('limtedRoadAccess', 'Service - Register Limited Road Access::::Service - Register Limited Road Access::::الخدمة-تسجيل حق طريق محدود', 'c', 'Registration Service. Allows the Register Limited Road Access service to be started. ::::Registration Service. Allows the Register Limited Road Access service to be started.::::Registration Service. Allows the Register Limited Road Access service to be started.');

INSERT INTO system.approle (code, display_value, status, description) 
VALUES ('NoPasswordExpiry', 'Admin - No Password Expiry::::Admin - No Password Expiry::::ادارة-صلاحية كلمة المرور', 'c', 'Users with this role will not be subject to a password expiry if one is in place. This role can be assigned to user accounts used by other systems to integrate with the SOLA web services. Note that password expiry can be configured using the pword-expiry-days system.setting::::Users with this role will not be subject to a password expiry if one is in place. This role can be assigned to user accounts used by other systems to integrate with the SOLA web services.::::Users with this role will not be subject to a password expiry if one is in place. This role can be assigned to user accounts used by other systems to integrate with the SOLA web services. Note that password expiry can be configured using the pword-expiry-days system.setting');

INSERT INTO system.approle (code, display_value, status, description) 
VALUES ('removeRight', 'Service - Remove Right (General)::::Service - Remove Right (General)::::الخدمة- ازالة حق عام', 'c', 'Registration Service. Allows the Remove Right (General) service to be started. ::::Registration Service. Allows the Remove Right (General) service to be started.::::Registration Service. Allows the Remove Right (General) service to be started.');

INSERT INTO system.approle (code, display_value, status, description) 
VALUES ('regnStandardDocument', 'Service - Registration of Standard Document::::Service - Registration of Standard Document::::الخدمة-تسجيل وثيقة معيارية', 'c', 'Registration Service. Allows the Register of Standard Document service to be started. ::::Registration Service. Allows the Register of Standard Document service to be started.::::Registration Service. Allows the Register of Standard Document service to be started.');

INSERT INTO system.approle (code, display_value, status, description) 
VALUES ('StartService', 'Service Action - Start::::Service Action - Start::::حركة خدمة-ابدأ', 'c', 'Allows any user to click the Start action. Note that the user must also have the appropraite Service role as well before they can successfully start the service. ::::Allows any user to click the Start action. Note that the user must also have the appropraite Service role as well before they can successfully start the service.::::Allows any user to click the Start action. Note that the user must also have the appropraite Service role as well before they can successfully start the service.');

----------------------------------------------------------------------------------------------------

INSERT INTO system.br_severity_type (code, display_value, status, description) 
VALUES ('critical', 'Critical::::Критичное::::حرج', 'c', '...::::::::...');

INSERT INTO system.br_severity_type (code, display_value, status, description) 
VALUES ('medium', 'Medium::::Среднее::::متوسط', 'c', '...::::::::...');

INSERT INTO system.br_severity_type (code, display_value, status, description) 
VALUES ('warning', 'Warning::::Предупреждение::::تحذير', 'c', '...::::::::...');

----------------------------------------------------------------------------------------------------

INSERT INTO system.br_technical_type (code, display_value, status, description) 
VALUES ('sql', 'SQL::::SQL::::SQL', 'c', 'The rule definition is based in sql and it is executed by the database engine.::::The rule definition is based in sql and it is executed by the database engine.::::...');

INSERT INTO system.br_technical_type (code, display_value, status, description) 
VALUES ('drools', 'Drools::::Drools::::Drools', 'c', 'The rule definition is based on Drools engine.::::The rule definition is based on Drools engine.::::...');

----------------------------------------------------------------------------------------------------

INSERT INTO system.br_validation_target_type (code, display_value, status, description) 
VALUES ('source', 'Source::::Документ::::المصدر', 'c', 'The target of the validation is the source. It accepts one parameter {id} which is the source id.::::Объектом проверки является документ. Имеется один входной параметр - {id} который является id документа.::::...');

INSERT INTO system.br_validation_target_type (code, display_value, status, description) 
VALUES ('public_display', 'Public display::::Публичный показ::::أظهار عام', 'c', 'The target of the validation is the set of cadastre objects/ba units that belong to a certain last part. It accepts one parameter {lastPart} which is the last part.::::Объектом проверки является комбинация кадастрового объекта и ед. недвижимости содержащих одинакокую последнюю часть идентификационного кода. Имеется один входной параметр - {lastPart} который является последней частью идентификационного кода.::::...');

INSERT INTO system.br_validation_target_type (code, display_value, status, description) 
VALUES ('rrr', 'Right or Restriction::::Право или Ограничение::::حق أو قيد', 'c', 'The target of the validation is the rrr. It accepts one parameter {id} which is the rrr id. ::::Объектом проверки является право. Имеется один входной параметр - {id} который является id права.::::...');

INSERT INTO system.br_validation_target_type (code, display_value, status, description) 
VALUES ('spatial_unit_group', 'Spatial unit group::::Пространственная группа::::مجموعة الوحدات المكانية', 'c', 'The target of the validation are the spatial unit groups::::Объектом проверки является пространственные группы::::...');

INSERT INTO system.br_validation_target_type (code, display_value, status, description) 
VALUES ('ba_unit', 'Administrative Unit::::Единица Недвижимости::::وحدة ادارية', 'c', 'The target of the validation is the ba_unit. It accepts one parameter {id} which is the ba_unit id.::::Объектом проверки является единица недвижимости. Имеется один входной параметр - {id} который является id недвижимости.::::...');

INSERT INTO system.br_validation_target_type (code, display_value, status, description) 
VALUES ('service', 'Service::::Услуга::::خدمة', 'c', 'The target of the validation is the service. It accepts one parameter {id} which is the service id.::::Объектом проверки является услуга. Имеется один входной параметр - {id} который является id услуги.::::...');

INSERT INTO system.br_validation_target_type (code, display_value, status, description) 
VALUES ('application', 'Application::::Заявление::::الطلب', 'c', 'The target of the validation is the application. It accepts one parameter {id} which is the application id.::::Объектом проверки является заявление. Имеется один входной параметр - {id} который является id заявления.::::...');

INSERT INTO system.br_validation_target_type (code, display_value, status, description) 
VALUES ('bulkOperationSpatial', 'BUlk operation::::Массовая Операция::::رزمة عمليات', 'c', 'The target of the validation is the transaction related with the bulk operations.::::Объектом проверки является транзакция, отосящаяся к массовым операциям.::::...');

INSERT INTO system.br_validation_target_type (code, display_value, status, description) 
VALUES ('cadastre_object', 'Cadastre Object::::Кадастровый Объект::::كائن مساحة', 'c', 'The target of the validation is the transaction related with the cadastre change. It accepts one parameter {id} which is the transaction id.::::Объектом проверки является кадастровый объект. Имеется один входной параметр - {id} который является id транзакции.::::هدف التحقق من صحة الحركة فحص التغيير على الكائن الممسوح');

----------------------------------------------------------------------------------------------------

INSERT INTO system.language (code, display_value, active, is_default, item_order) 
VALUES ('ru-RU', 'Russian::::Русский::::الروسية', 't', 'f', 2);

INSERT INTO system.language (code, display_value, active, is_default, item_order) 
VALUES ('en-US', 'English::::Английский::::أنجليزي', 't', 't', 1);

INSERT INTO system.language (code, display_value, active, is_default, item_order) 
VALUES ('ar-JO', 'Arabic::::Арабский::::عربي', 't', 'f', 3);

----------------------------------------------------------------------------------------------------

INSERT INTO transaction.reg_status_type (code, display_value, description, status) 
VALUES ('current', 'Current::::Текущий::::الحالي', '...::::::::...', 'c');

INSERT INTO transaction.reg_status_type (code, display_value, description, status) 
VALUES ('historic', 'Historic::::История::::تاريخي', '...::::::::...', 'c');

INSERT INTO transaction.reg_status_type (code, display_value, description, status) 
VALUES ('pending', 'Pending::::На исполнении::::قيد الانتظار', '...::::::::...', 'c');

INSERT INTO transaction.reg_status_type (code, display_value, description, status) 
VALUES ('previous', 'Previous::::Предыдущий::::السابق', '...::::::::...', 'c');

----------------------------------------------------------------------------------------------------

INSERT INTO transaction.transaction_status_type (code, display_value, description, status) 
VALUES ('approved', 'Approved::::Одобрено::::موافق عليه', '', 'c');

INSERT INTO transaction.transaction_status_type (code, display_value, description, status) 
VALUES ('cancelled', 'Cancelled::::Отменено::::ملغى', '', 'c');

INSERT INTO transaction.transaction_status_type (code, display_value, description, status) 
VALUES ('completed', 'Completed::::Завершено::::مكتمل', '', 'c');

INSERT INTO transaction.transaction_status_type (code, display_value, description, status) 
VALUES ('pending', 'Pending::::Незавершено::::معلق', '', 'c');

----------------------------------------------------------------------------------------------------

