<?xml version="1.0" encoding="UTF-8"?>
<Database><Setting type="512"><Driver></Driver><DriverFiles></DriverFiles><Dialect></Dialect><DriverClass></DriverClass><URL></URL><UserName></UserName><Password></Password><HostName></HostName><PortNO></PortNO><DBName></DBName><ServiceName></ServiceName><ServerName></ServerName><SelectedForm>true</SelectedForm></Setting><Setting type="1024"><Driver></Driver><DriverFiles></DriverFiles><Dialect></Dialect><DriverClass></DriverClass><URL></URL><UserName></UserName><Password></Password><HostName></HostName><PortNO></PortNO><DBName></DBName><ServiceName></ServiceName><ServerName></ServerName><SelectedForm>true</SelectedForm></Setting><Setting type="131072"><Driver></Driver><DriverFiles></DriverFiles><Dialect></Dialect><DriverClass></DriverClass><URL></URL><UserName></UserName><Password></Password><HostName></HostName><PortNO></PortNO><DBName></DBName><ServiceName></ServiceName><ServerName></ServerName><SelectedForm>true</SelectedForm></Setting><Setting type="128"><Driver></Driver><DriverFiles></DriverFiles><Dialect></Dialect><DriverClass></DriverClass><URL></URL><UserName></UserName><Password></Password><HostName></HostName><PortNO></PortNO><DBName></DBName><ServiceName></ServiceName><ServerName></ServerName><SelectedForm>true</SelectedForm></Setting><Setting type="32"><Driver></Driver><DriverFiles></DriverFiles><Dialect></Dialect><DriverClass></DriverClass><URL></URL><UserName></UserName><Password></Password><HostName></HostName><PortNO></PortNO><DBName></DBName><ServiceName></ServiceName><ServerName></ServerName><SelectedForm>true</SelectedForm></Setting><Setting type="16384"><Driver></Driver><DriverFiles></DriverFiles><Dialect></Dialect><DriverClass></DriverClass><URL></URL><UserName></UserName><Password></Password><HostName></HostName><PortNO></PortNO><DBName></DBName><ServiceName></ServiceName><ServerName></ServerName><SelectedForm>true</SelectedForm></Setting><Setting type="2048"><Driver></Driver><DriverFiles></DriverFiles><Dialect></Dialect><DriverClass></DriverClass><URL></URL><UserName></UserName><Password></Password><HostName></HostName><PortNO></PortNO><DBName></DBName><ServiceName></ServiceName><ServerName></ServerName><SelectedForm>true</SelectedForm></Setting><Setting type="262144"><Driver></Driver><DriverFiles></DriverFiles><Dialect></Dialect><DriverClass></DriverClass><URL></URL><UserName></UserName><Password></Password><HostName></HostName><PortNO></PortNO><DBName></DBName><ServiceName></ServiceName><ServerName></ServerName><SelectedForm>true</SelectedForm></Setting><Setting type="256"><Driver>PostgreSQL</Driver><DriverFiles>C:\Users\boafo\Downloads\postgresql-9.0-801.jdbc3.jar</DriverFiles><Dialect>org.hibernate.dialect.PostgreSQLDialect</Dialect><DriverClass>org.postgresql.Driver</DriverClass><URL>jdbc:postgresql://localhost:5432/sola</URL><UserName>postgres</UserName><Password>cnn.com123</Password><HostName>localhost</HostName><PortNO>5432</PortNO><DBName>sola</DBName><ServiceName></ServiceName><ServerName></ServerName><SelectedForm>true</SelectedForm></Setting><Setting type="65536"><Driver></Driver><DriverFiles></DriverFiles><Dialect></Dialect><DriverClass></DriverClass><URL></URL><UserName></UserName><Password></Password><HostName></HostName><PortNO></PortNO><DBName></DBName><ServiceName></ServiceName><ServerName></ServerName><SelectedForm>true</SelectedForm></Setting><Setting type="64"><Driver></Driver><DriverFiles></DriverFiles><Dialect></Dialect><DriverClass></DriverClass><URL></URL><UserName></UserName><Password></Password><HostName></HostName><PortNO></PortNO><DBName></DBName><ServiceName></ServiceName><ServerName></ServerName><SelectedForm>true</SelectedForm></Setting><Setting type="16"><Driver></Driver><DriverFiles></DriverFiles><Dialect></Dialect><DriverClass></DriverClass><URL></URL><UserName></UserName><Password></Password><HostName></HostName><PortNO></PortNO><DBName></DBName><ServiceName></ServiceName><ServerName></ServerName><SelectedForm>true</SelectedForm></Setting><Setting type="8192"><Driver></Driver><DriverFiles></DriverFiles><Dialect></Dialect><DriverClass></DriverClass><URL></URL><UserName></UserName><Password></Password><HostName></HostName><PortNO></PortNO><DBName></DBName><ServiceName></ServiceName><ServerName></ServerName><SelectedForm>true</SelectedForm></Setting><Setting type="32768"><Driver></Driver><DriverFiles></DriverFiles><Dialect></Dialect><DriverClass></DriverClass><URL></URL><UserName></UserName><Password></Password><HostName></HostName><PortNO></PortNO><DBName></DBName><ServiceName></ServiceName><ServerName></ServerName><SelectedForm>true</SelectedForm></Setting><Setting type="8"><Driver></Driver><DriverFiles></DriverFiles><Dialect></Dialect><DriverClass></DriverClass><URL></URL><UserName></UserName><Password></Password><HostName></HostName><PortNO></PortNO><DBName></DBName><ServiceName></ServiceName><ServerName></ServerName><SelectedForm>true</SelectedForm></Setting><Setting type="4096"><Driver></Driver><DriverFiles></DriverFiles><Dialect></Dialect><DriverClass></DriverClass><URL></URL><UserName></UserName><Password></Password><HostName></HostName><PortNO></PortNO><DBName></DBName><ServiceName></ServiceName><ServerName></ServerName><SelectedForm>true</SelectedForm></Setting><Setting type="524288"><Driver></Driver><DriverFiles></DriverFiles><Dialect></Dialect><DriverClass></DriverClass><URL></URL><UserName></UserName><Password></Password><HostName></HostName><PortNO></PortNO><DBName></DBName><ServiceName></ServiceName><ServerName></ServerName><SelectedForm>true</SelectedForm></Setting><Setting type="2"><Driver></Driver><DriverFiles></DriverFiles><Dialect></Dialect><DriverClass></DriverClass><URL></URL><UserName></UserName><Password></Password><HostName></HostName><PortNO></PortNO><DBName></DBName><ServiceName></ServiceName><ServerName></ServerName><SelectedForm>true</SelectedForm></Setting></Database>