<?xml version="1.0" encoding="UTF-8"?>
<Hibernate>
	<NHibernate AdapterPath="" Assembly="sola" ConnectionProvider="NHibernate.Connection.DriverConnectionProvider" ConnectionString="" DLLDir="\" DatabaseDriverName="" Dialect="" DotNetFrameWorkDir="C:\Windows\Microsoft.NET\Framework\v2.0.50727\" DotNetVersion="20" Driver="" DriverPath="" FollowMicrosoftNamingConvention="false" FrameworkDir="C:\Windows\Microsoft.NET\Framework\v2.0.50727\" GenerateCSSample="true" GenerateCSharpProject="true" GenerateDLL="true" GenerateNullableType="true" GenerateVirtualMethods="false" NonPersistentCollection="0" ProjectFileType="0" PropertyCodeStyle="0"/>
	<JavaHibernate BagImplClass="java.util.HashSet" ConnectionURL="jdbc:postgresql://localhost:5432/sola" DefaultDB="1" Dialect="org.hibernate.dialect.PostgreSQLDialect" DriverClasspath="C:\Users\boafo\Downloads\postgresql-9.0-801.jdbc3.jar" GenerateAntFile="true" GenerateBatch="true" GenerateJspSample="false" GenerateServletFilter="false" GenerateServletSample="false" GenerateShellScript="false" JDBCDriverClass="org.postgresql.Driver" JDBCDriverName="PostgreSQL" JDKPath="\" ListImplClass="java.util.ArrayList" MapImplClass="java.util.HashMap" Password="cnn.com123" SetImplClass="java.util.HashSet" SupportDBs="0" UserName="postgres" WrappingServletReq="-1"/>
	<CacheConfiguration>
		<EHCacheConfiguration DiskStorePath="java.io.tmpdir" Eternal="false" MaxInMemory="10000" OverflowToDisk="true" TimeToIdle="120" TimeToLive="120"/>
		<OSCacheConfiguration CacheAlgorithm="" CacheCapacity="1000" CacheDirectory="" CacheKey="" CacheMemory="(Default)" EventListeners="" PersistenceClass="" UnlimitedDisk="false" UseHostDomainKey="(Default)"/>
		<TreeCacheConfiguration CacheModel="LOCAL" ClusterName="TreeCache-Cluster" InitialStateRetrievalTimeout="20000" IsolationLevel="REPEATABLE_READ" LockAcquisitionTimeout="15000" LockLeaseTimeout="60000" MaxCapacity="20000" SyncReplTimeout="10000"/>
		<SysCacheConfiguration Prority="Not Set" RelativeExpiration="0" StaticExpiration="" UseRelativeExpiration="true"/>
	</CacheConfiguration>
	<PHPHibernate AdapterClass="" AdapterDriver="" AdapterPath="" AutoFlush="false" CompiledFolder="compiled" DNS="" Dialect="" Framework="1" QuoteIdentifier="true" SrcFolder="classes"/>
	<ConnectionPool AcquireIncrement="1" IdleTest="0" MaximumConnections="15" MinimumConnections="1" Timeout="0" UseConnectionPool="true"/>
	<Naming ColumnNameCase="0" ColumnNamePrefix="" ColumnNameSuffix="" TableNameCase="0" TableNamePrefix="" TableNameSuffix=""/>
	<Collection Lazy="0" OrderedType="List" UnorderedType="Set"/>
	<Code AttributePrefix="" CacheOption="0" CodeTemplate="0" CompositeIDWithAssociation="0" CustomPersistentManager="false" DeployTo="4" ErrorHandling="1" FlushMode="Auto" GenCriteria="true" Generate="true" GenerateCustomAnnotation="true" GenerateLowerCasePackage="true" GenerateMapping="0" GenerateNonPersistableAssociation="false" GeneratePropertyConstant="false" GenerateSample="true" GenerateSessionlessMethods="true" GenerateValidatorConstraints="false" GetterSetterVisibility="0" LazyAssociation="1" MappingColumnOrder="0" MappingType="0" MappingTypeForDate="0" NonPersistentCollection="0" NonPersistentCollectionGeneric="false" PersistentAPI="3" PersistentAPIReturnType="0" PersistentManagerPackage="orm" ProgrammingLang="5" PropertyAccess="false" PublicIDSetter="false" PublicVersionSetter="false" SeparateSubclassXML="false" Serializable="false" ShowException="1" Source="C:\Users\boafo\Data Dictionary\" SuppressAllWarnings="false" ToString="1" UserDefinedException=""/>
	<Database ColumnOrder="0" ConnectionDialect="" CreateDatabase="false" CustomDDL="" DBConnection="0" DDLExtension=".ddl" DSJNDIName="" DSPassword="" DSUsername="" DdlHeader="" Encoding="UTF-8" FormattedSQL="true" Generate="true" GenerateComment="true" GenerateDDL="true" GenerateDropTableAndColumn="false" GenerateSampleData="false" JNDIInitialContextFactoryClass="" JNDIProviderURL="" Mode="0" QuoteSQLIdentifier="3" TableCharset="" TransactionFactory="" TransactionMangerClass="" UpperCaseSQL="true"/>
	<EOF EOFDefaultDatabase="1"/>
	<Misc LastPMPackage=""/>
</Hibernate>