<resources>
    <rowidentifier_in_every_table>t</rowidentifier_in_every_table>
    <rowidentifier_datatype>incremental</rowidentifier_datatype>
    <rowidentifier_length></rowidentifier_length>
    <rowidentifier_attribute>row_id</rowidentifier_attribute>
    <rowidentifier_generator></rowidentifier_generator>
    <row_version_attribute>rowversion</row_version_attribute>
    <change_action_attribute>change_action</change_action_attribute>
    <change_user_attribute>change_user</change_user_attribute>
    <change_time_attribute>change_time</change_time_attribute>
    <change_time_valid_until_attribute>change_time_valid_until</change_time_valid_until_attribute>
    <historic_table_postfix>_historic</historic_table_postfix>
    <make_views_for_subtypes>t</make_views_for_subtypes>
    <consider_schemas>t</consider_schemas>
    <consider_triggers_for_default_values>f</consider_triggers_for_default_values>
    <trigger_name_for_default_values>_treat_default_values</trigger_name_for_default_values>
    <consider_records_for_populating_tables>t</consider_records_for_populating_tables>
</resources>
