<resources>
    <rowidentifier_in_every_table>f</rowidentifier_in_every_table>
    <rowidentifier_attribute>rowidentifier</rowidentifier_attribute>
    <rowidentifier_datatype>varchar</rowidentifier_datatype>
    <rowidentifier_length>40</rowidentifier_length>
    <rowidentifier_generator>uuid_generate_v1()</rowidentifier_generator>
    <make_views_for_subtypes>f</make_views_for_subtypes>
    <script_startup>
-- Starting up the database script generation
ALTER DATABASE {0} SET bytea_output TO 'escape';
    </script_startup>

    <function_spatial>
DROP SCHEMA IF EXISTS extra_spatial_functions CASCADE;
CREATE SCHEMA extra_spatial_functions;

DROP FUNCTION IF EXISTS cadastre.split_polygon(character varying, character varying, character varying, character varying, character varying);

-- Usage 
-- select * from extra_spatial_functions.split_polygon(
--    'MULTILINESTRING((x1 y1, x2 y2))', 
--    'public.spatial_unit', 'id', 'geom_polygon', 'level_id = ''e48395b6-676b-11e0-b4fd-005056ae6ab3''') 
-- as result(id varchar, geom geometry, status varchar);
--------------------------------------------------------------------------------------------------------------
CREATE OR REPLACE FUNCTION cadastre.split_polygon(
    splittingGeomAsText character varying, -- This is a valid multilinestring that will be used for splitting
    tableName character varying, -- The target table
    rowIdName character varying, -- The column that will be used to identify the target geometry
    geometryColumnName character varying, -- the target geometry column
    extraCondition character varying -- extra condition that the record in the table must fullfil
    )
  RETURNS setof record AS
$BODY$
DECLARE 
    resultGeometries varchar;
    splittingGeom geometry;
    splittingGeomAsTextWithSRID varchar;
    targetGeometry geometry;
    tmpTargetGeom geometry;
    rec     record;
    targetrowid varchar;
    sridVl varchar;
    sqlSt varchar;
    geometryIsSplit boolean;
    recToReturn record;
BEGIN
    resultGeometries :='';
    -- Find the srid of the target column in target table
    select srid into sridVl 
        from geometry_columns where f_table_schema || '.' || f_table_name =tableName and f_geometry_column=geometryColumnName;
    -- Create the splitting geometry from its WKT combined with the srid
    splittingGeom:= st_geomfromtext(splittingGeomAsText,sridVl::int);
    --raise exception '%',sridVl;
    -- Make a WKT presentation of the splitting geometry combined with the srid
    splittingGeomAsTextWithSRID:= 'ST_geomfromtext(' || quote_literal(splittingGeomAsText) || ',' || sridVl || ')';
    -- Build the sql statement to search for any geometry that intersects with the linestring
    sqlSt:= '';
    if (extraCondition != '') then
        sqlSt := extraCondition || ' and ';
    end if;    
    sqlSt:= 'select ' || rowidName || ' as row_id, ' || geometryColumnName || ' as the_geom from ' || tableName 
        || ' where ' || sqlSt || geometryColumnName || ' is not null and (SetSRID(ST_box3d(' || geometryColumnName || '),' || sridVl 
        || ') &amp;&amp; SetSRID(ST_box3d(' || splittingGeomAsTextWithSRID  || '), ' || sridVl || ')) '
        || ' AND ST_Intersects(' || geometryColumnName || ', ' || splittingGeomAsTextWithSRID  
        || ') and st_isvalid(' || geometryColumnName || ')';
    --raise exception '%',sqlSt;
    geometryIsSplit = false;
    -- Loop through geometries that fullfil the condition
    FOR rec in EXECUTE sqlSt loop
        targetrowid := rec.row_id::text;
        targetGeometry := rec.the_geom;
        if (GeometryType(targetGeometry) not in ('POLYGON')) then
            RAISE EXCEPTION 'geometrytype_not_supported_for_split';    
        end if;
        resultGeometries := '';
        tmpTargetGeom := st_polygonize(st_union(st_boundary(targetGeometry), splittingGeom));
        if (abs(st_area(targetGeometry) - st_area(tmpTargetGeom)) &lt; 0.001) and (select count(*) from dump ((select tmpTargetGeom AS mpoly))) &gt; 1 then
          FOR rec in SELECT geom as the_geom FROM dump ((select tmpTargetGeom AS mpoly)) loop
            select into recToReturn ''::varchar, rec.the_geom::geometry, 'new'::varchar;
            return next recToReturn;
          end loop;
          select into recToReturn targetrowid::varchar, null::geometry, 'source'::varchar;
          return next recToReturn;
          geometryIsSplit = true;
          exit;
        end if;
    end loop;
    if (not geometryIsSplit) then
        RAISE EXCEPTION 'no_geometry_found_to_be_split';
    end if;
    return;
END;
$BODY$
  LANGUAGE plpgsql;

DROP FUNCTION IF EXISTS cadastre.merge_polygon(character varying, character varying, character varying);
-- USAGE 
--select cadastre.merge_polygon('public.spatial_unit', 'geom_polygon', 'id in (''wewqeqwewqe'',''qwewqewewqewqewqeqwewq'')')
--------------------------------------------------------------------------------------------------
CREATE OR REPLACE FUNCTION cadastre.merge_polygon(
  tableName character varying, --target table name
  geometryColumnName character varying, -- target column namme
  conditionToTargets character varying -- the condition that the rows where the geometries to be merged are, must fullfill
  )
  RETURNS geometry AS
$BODY$
DECLARE 
    resultGeometry geometry;
    targetGeometryType varchar;
    rec record;
    sqlSt varchar;
BEGIN
    select type into targetGeometryType from geometry_columns 
        where f_table_name=tableName and f_geometry_column=geometryColumnName;

    if (targetGeometryType is null) then
        RAISE EXCEPTION 'geometrycolumn_notfound_in_geometry_columns_table';
    end if;

    if (targetGeometryType not in ('POLYGON')) then
        RAISE EXCEPTION 'geometrytype_not_supported_for_merge';
    end if;
    
    sqlSt:= 'select st_union(' || geometryColumnName || ') as the_geom from ' 
        || tableName || ' where ' || conditionToTargets;
    
    FOR rec in EXECUTE sqlSt loop
        resultGeometry := rec.the_geom; 
        exit;
    end loop;

    if (geometryType(resultGeometry) not in ('POLYGON')) then
        RAISE EXCEPTION 'geometries_cannot_be_merged_in_one_polygon';
    end if;

    return resultGeometry;
END;
$BODY$
  LANGUAGE plpgsql;
		</function_spatial>

    <functions_common>
-- Enable/disable all the triggers in database --
CREATE OR REPLACE FUNCTION fn_triggerall(DoEnable boolean) RETURNS integer AS
$BODY$
DECLARE
rec RECORD;
BEGIN
  FOR rec IN select * from information_schema.tables where table_type = 'BASE TABLE' and table_schema not in ('pg_catalog', 'information_schema')
  LOOP
    IF DoEnable THEN
      EXECUTE 'ALTER TABLE "'  || rec.table_schema || '"."' ||  rec.table_name || '" ENABLE TRIGGER ALL';
    ELSE
      EXECUTE 'ALTER TABLE "'  || rec.table_schema || '"."' ||  rec.table_name || '" DISABLE TRIGGER ALL';
    END IF; 
  END LOOP;
 
  RETURN 1;
 
END;
$BODY$
LANGUAGE 'plpgsql';


-- to call to disable all triggers in all schemas in db
--select fn_triggerall(false);

-- to call to enable all triggers in all schemas in db
--select fn_triggerall(true);

CREATE OR REPLACE FUNCTION clean_db(schema_name character varying)
  RETURNS integer AS
$BODY$
DECLARE
rec RECORD;

BEGIN
  FOR rec IN select * from information_schema.tables 
	where table_type = 'BASE TABLE' and table_schema = schema_name and table_name not in ('geometry_columns', 'spatial_ref_sys')
  LOOP
      EXECUTE 'DROP TABLE IF EXISTS "'  || rec.table_schema || '"."' ||  rec.table_name || '" CASCADE;';
  END LOOP;
  FOR rec IN select '"' || routine_schema || '"."' || routine_name || '"'  as full_name 
        from information_schema.routines  where routine_schema='public' 
            and data_type = 'trigger' and routine_name not in ('postgis_cache_bbox', 'checkauthtrigger', 'f_for_trg_track_history', 'f_for_trg_track_changes')
  LOOP
      EXECUTE 'DROP FUNCTION IF EXISTS '  || rec.full_name || '() CASCADE;';    
  END LOOP;
  RETURN 1;
 
END;
$BODY$
  LANGUAGE plpgsql;

-- Special string compare function
CREATE OR REPLACE FUNCTION compare_strings(string1 text, string2 text)
  RETURNS boolean AS
$BODY$
  DECLARE
    rec record;
    result boolean;
  BEGIN
      result = false;
      for rec in select regexp_split_to_table(lower(string1),'[^a-z0-9]') as word loop
          if rec.word != '' then 
            if not string2 ~* rec.word then
                return false;
            end if;
            result = true;
          end if;
      end loop;
      return result;
  END;
$BODY$
  LANGUAGE plpgsql;

--Usage sample:
-- select geom_to_snap, target_geom, snapped, target_is_changed 
-- FROM snap_geometry_to_geometry(geomfromtext('POLYGON((0.1 0, 0.1 5.7, 4 3, 0.1 0))'), 
--    geomfromtext('POLYGON((0 0, 0 6, 6 6, 6 0, 0 0),(1 1, 3 5, 4 5, 1 1))'), 1, true)

create or replace function snap_geometry_to_geometry(
  inout geom_to_snap geometry, -- Geometry that has to be snapped. It can be point, linestring or polygon
  inout target_geom geometry, -- Geometry that will be the target to used for snapping
  snap_distance float, -- The snap distance in meters
  change_target_if_needed boolean, -- It gives if it is allowed to change target during snapping
  out snapped boolean, -- An output value showing if the geometry is snapped. If it is a linestring or polygon, even if one point of them is snapped it returns true.
  out target_is_changed boolean -- It shows if the target changed during the snapping process
  ) 
returns record as
$BODY$
DECLARE
  i integer;
  nr_elements integer;
  rec record;
  point_location float;
  rings geometry[];
  
BEGIN
  target_is_changed = false;
  snapped = false;
  if st_geometrytype(geom_to_snap) not in ('ST_Point', 'ST_LineString', 'ST_Polygon') then
    raise exception 'geom_to_snap not supported. Only point, linestring and polygon is supported.';
  end if;
  if st_geometrytype(geom_to_snap) = 'ST_Point' then
    -- If the geometry to snap is POINT
    if st_geometrytype(target_geom) = 'ST_Point' then
      if st_dwithin(geom_to_snap, target_geom, snap_distance) then
        geom_to_snap = target_geom;
        snapped = true;
      end if;
    elseif st_geometrytype(target_geom) = 'ST_LineString' then
      -- Check first if there is any point of linestring where the point can be snapped.
      select t.* into rec from ST_DumpPoints(target_geom) t where st_dwithin(geom_to_snap, t.geom, snap_distance);
      if rec is not null then
        geom_to_snap = rec.geom;
        snapped = true;
        return;
      end if;
      --Check second if the point is within distance from linestring and get an interpolation point in the line.
      if st_dwithin(geom_to_snap, target_geom, snap_distance) then
        point_location = ST_Line_Locate_Point(target_geom, geom_to_snap);
        geom_to_snap = ST_Line_Interpolate_Point(target_geom, point_location);
        if change_target_if_needed then
          target_geom = ST_LineMerge(ST_Union(ST_Line_Substring(target_geom, 0, point_location), ST_Line_Substring(target_geom, point_location, 1)));
          target_is_changed = true;
        end if;
        snapped = true;  
      end if;
    elseif st_geometrytype(target_geom) = 'ST_Polygon' then
      select  array_agg(ST_ExteriorRing(geom)) into rings from ST_DumpRings(target_geom);
      nr_elements = array_upper(rings,1);
      i = 1;
      while i &lt;= nr_elements loop
        select t.* into rec from snap_geometry_to_geometry(geom_to_snap, rings[i], snap_distance, change_target_if_needed) t;
        if rec.snapped then
          geom_to_snap = rec.geom_to_snap;
          snapped = true;
          if change_target_if_needed then
            rings[i] = rec.target_geom;
            target_geom = ST_MakePolygon(rings[1], rings[2:nr_elements]);
            target_is_changed = rec.target_is_changed;
            return;
          end if;
        end if;
        i = i+1;
      end loop;
    end if;
  elseif st_geometrytype(geom_to_snap) = 'ST_LineString' then
    nr_elements = st_npoints(geom_to_snap);
    i = 1;
    while i &lt;= nr_elements loop
      select t.* into rec
        from snap_geometry_to_geometry(st_pointn(geom_to_snap,i), target_geom, snap_distance, change_target_if_needed) t;
      if rec.snapped then
        if rec.target_is_changed then
          target_geom= rec.target_geom;
          target_is_changed = true;
        end if;
        geom_to_snap = st_setpoint(geom_to_snap, i-1, rec.geom_to_snap);
        snapped = true;
      end if;
      i = i+1;
    end loop;    
  elseif st_geometrytype(geom_to_snap) = 'ST_Polygon' then
    select  array_agg(ST_ExteriorRing(geom)) into rings from ST_DumpRings(geom_to_snap);
    nr_elements = array_upper(rings,1);
    i = 1;
    while i &lt;= nr_elements loop
      select t.* into rec
        from snap_geometry_to_geometry(rings[i], target_geom, snap_distance, change_target_if_needed) t;
      if rec.snapped then
        rings[i] = rec.geom_to_snap;
        if rec.target_is_changed then
          target_geom = rec.target_geom;
          target_is_changed = true;
        end if;
        snapped = true;
      end if;
      i= i+1;
    end loop;
    if snapped then
      geom_to_snap = ST_MakePolygon(rings[1], rings[2:nr_elements]);
    end if;
  end if;
  return;
END;
$BODY$
  LANGUAGE plpgsql;

-- This function assigns a srid found in the settings to the geometry passed as parameter  
CREATE OR REPLACE FUNCTION get_geometry_with_srid(geom geometry)
  RETURNS geometry AS
$BODY$
BEGIN
  return st_setsrid(geom, coalesce((select vl::integer from system.setting where name='map-srid'),-1));
END;
$BODY$
  LANGUAGE plpgsql;

-- This function is used to translate the values that are supposed to be multilingual like 
-- the reference data values (display_value)
CREATE OR REPLACE FUNCTION get_translation(mixed_value varchar, language_code varchar) RETURNS varchar AS
$BODY$
DECLARE
  delimiter_word varchar;
  language_index integer;
  result varchar;
BEGIN
  if mixed_value is null then
    return mixed_value;
  end if;
  delimiter_word = '::::';
  language_index = (select item_order from system.language where code=language_code);
  result = split_part(mixed_value, delimiter_word, language_index);
  if result is null or result = '' then
    language_index = (select item_order from system.language where is_default limit 1);
    result = split_part(mixed_value, delimiter_word, language_index);
    if result is null or result = '' then
      result = mixed_value;
    end if;
  end if;
  return result;
END;
$BODY$
LANGUAGE 'plpgsql';

    </functions_common>

    <function_for_trigger_track_changes>
CREATE OR REPLACE FUNCTION f_for_trg_track_changes() RETURNS TRIGGER 
AS $$
BEGIN
    IF (TG_OP = 'UPDATE') THEN
        IF (NEW.{3} != OLD.{3}) THEN
            RAISE EXCEPTION 'row_has_different_change_time';
        END IF;
        IF (NEW.{0} != 'd') THEN
            NEW.{0} := 'u';
        END IF;
        IF OLD.{3} > 200000000 THEN
            NEW.{3} = 1;
        ELSE
            NEW.{3} = OLD.{3} + 1;
        END IF;
    ELSIF (TG_OP = 'INSERT') THEN
        NEW.{0} := 'i';
        NEW.{3} = 1;
    END IF;
    NEW.{1} := now();
    RETURN NEW;
END;
$$ LANGUAGE plpgsql;
    </function_for_trigger_track_changes>
    <function_for_trigger_track_history>
CREATE OR REPLACE FUNCTION f_for_trg_track_history() RETURNS TRIGGER 
AS $$
DECLARE
    table_name varchar;
    table_name_historic varchar;
BEGIN
    table_name = TG_TABLE_SCHEMA || '.' || TG_TABLE_NAME;
    table_name_historic = table_name || '{0}';
	IF (TG_OP = 'DELETE') THEN
		OLD.change_action := 'd';
    END IF;
    EXECUTE 'INSERT INTO ' || table_name_historic || ' SELECT $1.*;' USING OLD;
    IF (TG_OP = 'DELETE') THEN
        RETURN OLD;
    ELSE
        RETURN NEW;
    END IF;
    RETURN NULL;
END;
$$ LANGUAGE plpgsql;
    </function_for_trigger_track_history>
</resources>
