<resources>
    <rowidentifier_in_every_table>f</rowidentifier_in_every_table>
    <rowidentifier_attribute>rowidentifier</rowidentifier_attribute>
    <rowidentifier_datatype>varchar</rowidentifier_datatype>
    <rowidentifier_length>40</rowidentifier_length>
    <rowidentifier_generator>uuid_generate_v1()</rowidentifier_generator>
    <make_views_for_subtypes>f</make_views_for_subtypes>
    <files_handeld_in_db>f</files_handeld_in_db>
    <script_startup>
-- Starting up the database script generation
ALTER DATABASE {0} SET bytea_output TO 'escape';
    </script_startup>
    <functions_common>
    </functions_common>
    <function_for_trigger_track_changes>
    </function_for_trigger_track_changes>
    <function_for_trigger_track_history>
    </function_for_trigger_track_history>
</resources>
